query,engine,limit,execution_time,nb_calls,nb_results,loading_time,resume_time,workload,run
C3,orderby,1,22.136542320251465,113,1,11.149328366845054,0.0888204152605175,watdiv,1
C3,orderby,1,22.18279194831848,113,1,11.597458240205208,0.08840265527235723,watdiv,2
C3,orderby,1,22.212451934814453,114,1,11.488554770486397,0.0898440678914388,watdiv,3
C3,orderby,10,22.45221495628357,114,10,11.098878425464296,0.12513001759847006,watdiv,1
C3,orderby,10,22.260089874267578,114,10,11.284135935599345,0.12187790452388295,watdiv,2
C3,orderby,10,21.844449043273926,111,10,11.27689808338612,0.11940474982734199,watdiv,3
C3,orderby,20,22.235549926757812,112,20,11.793362242834908,0.15855474131447927,watdiv,1
C3,orderby,20,21.78404712677002,111,20,11.95578317384462,0.1545790079477671,watdiv,2
C3,orderby,20,22.64283800125122,114,20,12.173173720376534,0.16342129623680784,watdiv,3
C3,baseline,1,36.60627031326294,1665,332930,3.983032524406731,0.06982743203103005,watdiv,1
C3,baseline,1,36.10157895088196,1665,332930,3.998975066451339,0.06921613538587415,watdiv,2
C3,baseline,1,38.804661989212036,1665,332930,4.1043997526884795,0.07285198291858754,watdiv,3
C3,baseline,10,36.189818143844604,1665,332930,3.9951115399151593,0.0691196223994991,watdiv,1
C3,baseline,10,35.818134784698486,1665,332930,3.9987685802104593,0.06845205037801473,watdiv,2
C3,baseline,10,36.22841501235962,1665,332930,3.966461931978976,0.07025701505643828,watdiv,3
C3,baseline,20,36.33378195762634,1665,332930,4.059166664833779,0.07472525129805098,watdiv,1
C3,baseline,20,39.800519943237305,1665,332930,4.458874911517352,0.0841952658988334,watdiv,2
C3,baseline,20,40.476463079452515,1665,332930,4.727208506953609,0.08885982158305766,watdiv,3
C3,orderbyone,1,39.294153928756714,388,2528,18.81570914356979,0.14129373216137445,watdiv,1
C3,orderbyone,1,24.683076858520508,269,2528,12.379608189749451,0.08409794378457902,watdiv,2
C3,orderbyone,1,24.35998797416687,267,2528,12.117201022887498,0.08348847149909659,watdiv,3
C3,orderbyone,10,34.75383996963501,349,2528,16.9971214666066,0.1142387062225779,watdiv,1
C3,orderbyone,10,28.58905291557312,300,2528,14.439852237701416,0.10119358698527019,watdiv,2
C3,orderbyone,10,24.75054407119751,270,2528,12.292195249486852,0.08479930736400464,watdiv,3
C3,orderbyone,20,24.449754238128662,264,2528,12.159014290029353,0.08236368497212727,watdiv,1
C3,orderbyone,20,33.197914838790894,336,2528,16.572496720722743,0.11001740183149065,watdiv,2
C3,orderbyone,20,33.12196397781372,338,2528,15.770823997858713,0.11301675491784452,watdiv,3
F2,orderby,1,0.35547971725463867,3,1,16.856988271077473,0.0904401143391927,watdiv,1
F2,orderby,1,0.35105419158935547,3,1,16.06472333272298,0.08527437845865886,watdiv,2
F2,orderby,1,0.32036304473876953,3,1,15.580336252848307,0.09497006734212239,watdiv,3
F2,orderby,10,0.3372528553009033,3,10,15.07242520650228,0.1171429951985677,watdiv,1
F2,orderby,10,0.32117509841918945,3,10,15.513102213541666,0.11110305786132812,watdiv,2
F2,orderby,10,0.3398020267486572,3,10,15.708367029825846,0.12111663818359375,watdiv,3
F2,orderby,20,0.3700997829437256,3,20,16.52359962463379,0.16299883524576822,watdiv,1
F2,orderby,20,0.34583187103271484,3,20,22.460063298543293,0.1513957977294922,watdiv,2
F2,orderby,20,0.33379101753234863,3,20,16.18345578511556,0.14670689900716147,watdiv,3
F2,baseline,1,0.4674234390258789,5,883,4.835796356201172,0.10676383972167969,watdiv,1
F2,baseline,1,0.3520171642303467,5,883,4.432868957519531,0.09789466857910156,watdiv,2
F2,baseline,1,0.327315092086792,5,883,3.6461353302001953,0.0957489013671875,watdiv,3
F2,baseline,10,0.3708319664001465,5,883,4.618501663208008,0.11339187622070312,watdiv,1
F2,baseline,10,0.3323490619659424,5,883,4.087162017822266,0.08959770202636719,watdiv,2
F2,baseline,10,0.38219690322875977,5,883,4.316139221191406,0.10447502136230469,watdiv,3
F2,baseline,20,0.38733696937561035,5,883,4.241085052490234,0.12679100036621094,watdiv,1
F2,baseline,20,0.35428619384765625,5,883,4.341840744018555,0.08769035339355469,watdiv,2
F2,baseline,20,0.3539581298828125,5,883,4.216766357421875,0.08602142333984375,watdiv,3
F2,orderbyone,1,0.319774866104126,4,200,13.355612754821777,0.09387731552124023,watdiv,1
F2,orderbyone,1,0.2993631362915039,4,200,13.489186763763428,0.0903010368347168,watdiv,2
F2,orderbyone,1,0.33480381965637207,4,200,18.970370292663574,0.09351968765258789,watdiv,3
F2,orderbyone,10,0.35578107833862305,4,200,15.475213527679443,0.0966787338256836,watdiv,1
F2,orderbyone,10,0.3747408390045166,4,200,16.653001308441162,0.10579824447631836,watdiv,2
F2,orderbyone,10,0.34248900413513184,4,200,13.98533582687378,0.09483098983764648,watdiv,3
F2,orderbyone,20,0.3268702030181885,4,200,14.06329870223999,0.10496377944946289,watdiv,1
F2,orderbyone,20,0.33115196228027344,4,200,13.700604438781738,0.10699033737182617,watdiv,2
F2,orderbyone,20,0.4062478542327881,4,200,21.430492401123047,0.10526180267333984,watdiv,3
S6,orderby,1,0.11458086967468262,1,1,21.72708511352539,0.0171661376953125,watdiv,1
S6,orderby,1,0.12380480766296387,1,1,24.47199821472168,0.016927719116210938,watdiv,2
S6,orderby,1,0.11678004264831543,1,1,25.547027587890625,0.015020370483398438,watdiv,3
S6,orderby,10,0.11569476127624512,1,10,24.904251098632812,0.015020370483398438,watdiv,1
S6,orderby,10,0.11606192588806152,1,10,23.16117286682129,0.016927719116210938,watdiv,2
S6,orderby,10,0.12880301475524902,1,10,26.582002639770508,0.018835067749023438,watdiv,3
S6,orderby,20,0.14081120491027832,1,20,44.061899185180664,0.0171661376953125,watdiv,1
S6,orderby,20,0.13121724128723145,1,20,23.88787269592285,0.017881393432617188,watdiv,2
S6,orderby,20,0.11596798896789551,1,20,22.732973098754883,0.015974044799804688,watdiv,3
S6,baseline,1,0.16877412796020508,5,987,4.398870468139648,0.058269500732421875,watdiv,1
S6,baseline,1,0.11421895027160645,5,987,2.0421504974365234,0.036907196044921875,watdiv,2
S6,baseline,1,0.11258196830749512,5,987,2.0345687866210938,0.03466606140136719,watdiv,3
S6,baseline,10,0.1234598159790039,5,987,2.196168899536133,0.042724609375,watdiv,1
S6,baseline,10,0.11859321594238281,5,987,2.0494461059570312,0.04010200500488281,watdiv,2
S6,baseline,10,0.12326192855834961,5,987,2.208995819091797,0.034999847412109375,watdiv,3
S6,baseline,20,0.12510395050048828,5,987,2.043581008911133,0.036907196044921875,watdiv,1
S6,baseline,20,0.12202715873718262,5,987,2.2462844848632812,0.042438507080078125,watdiv,2
S6,baseline,20,0.15224099159240723,5,987,3.127288818359375,0.05092620849609375,watdiv,3
S6,orderbyone,1,0.17272019386291504,3,200,12.712717056274414,0.04522005716959635,watdiv,1
S6,orderbyone,1,0.1949629783630371,3,200,19.992272059122723,0.04506111145019531,watdiv,2
S6,orderbyone,1,0.1800980567932129,3,200,14.77797826131185,0.0423590342203776,watdiv,3
S6,orderbyone,10,0.16027212142944336,3,200,13.030370076497396,0.03894170125325521,watdiv,1
S6,orderbyone,10,0.16800403594970703,3,200,11.655728022257486,0.03600120544433594,watdiv,2
S6,orderbyone,10,0.16537189483642578,3,200,12.552340825398764,0.04371007283528646,watdiv,3
S6,orderbyone,20,0.17256903648376465,3,200,11.72931989034017,0.03679593404134115,watdiv,1
S6,orderbyone,20,0.20409488677978516,3,200,20.552396774291992,0.04522005716959635,watdiv,2
S6,orderbyone,20,0.15974020957946777,3,200,12.196699778238932,0.037829081217447914,watdiv,3
L4,orderby,1,2.481536865234375,4,1,11.41500473022461,0.0476837158203125,watdiv,1
L4,orderby,1,2.3922550678253174,4,1,11.322855949401855,0.04380941390991211,watdiv,2
L4,orderby,1,2.3870153427124023,4,1,11.14577054977417,0.04690885543823242,watdiv,3
L4,orderby,10,2.3782060146331787,5,10,10.383939743041992,0.06594657897949219,watdiv,1
L4,orderby,10,2.3872578144073486,4,10,10.824084281921387,0.06216764450073242,watdiv,2
L4,orderby,10,2.7833080291748047,5,10,11.211776733398438,0.07944107055664062,watdiv,3
L4,orderby,20,2.431894063949585,4,20,16.417205333709717,0.08475780487060547,watdiv,1
L4,orderby,20,2.75282883644104,5,20,10.280561447143555,0.09980201721191406,watdiv,2
L4,orderby,20,2.419313907623291,4,20,10.447263717651367,0.11050701141357422,watdiv,3
L4,baseline,1,2.8808600902557373,71,14184,0.5235571256825622,0.03348605733522227,watdiv,1
L4,baseline,1,2.964740753173828,71,14184,0.5607336339816241,0.036538486749353546,watdiv,2
L4,baseline,1,2.946061134338379,71,14184,0.589934872909331,0.03554115832691461,watdiv,3
L4,baseline,10,2.9057657718658447,71,14184,0.5265423949335662,0.03363380969410211,watdiv,1
L4,baseline,10,3.092974901199341,71,14184,0.5143561833341357,0.033190552617462586,watdiv,2
L4,baseline,10,3.000951051712036,71,14184,0.5847836883974747,0.041981817970813164,watdiv,3
L4,baseline,20,2.9611263275146484,71,14184,0.6028262662215972,0.03573928080813985,watdiv,1
L4,baseline,20,3.1327528953552246,71,14184,0.5371872807892275,0.04000730917487346,watdiv,2
L4,baseline,20,3.0129332542419434,71,14184,0.5587557671775281,0.03536318389462753,watdiv,3
L4,orderbyone,1,1.2474009990692139,14,202,12.400303568158831,0.054955482482910156,watdiv,1
L4,orderbyone,1,1.270233154296875,14,202,12.12857450757708,0.05996227264404297,watdiv,2
L4,orderbyone,1,0.9318559169769287,11,202,9.123628789728338,0.043435530229048294,watdiv,3
L4,orderbyone,10,0.9881601333618164,12,220,9.148359298706055,0.044226646423339844,watdiv,1
L4,orderbyone,10,1.1582481861114502,13,220,10.411354211660532,0.04916924696702223,watdiv,2
L4,orderbyone,10,0.9788520336151123,11,220,9.047161449085582,0.04317543723366477,watdiv,3
L4,orderbyone,20,1.052358865737915,12,291,11.112451553344727,0.04678964614868164,watdiv,1
L4,orderbyone,20,0.9926471710205078,11,295,11.40726696361195,0.04640492525967685,watdiv,2
L4,orderbyone,20,1.0904581546783447,12,279,9.67864195505778,0.04982948303222656,watdiv,3
S2,orderby,1,0.9167201519012451,10,1,11.678671836853027,0.06632804870605469,watdiv,1
S2,orderby,1,0.8899080753326416,10,1,11.182475090026855,0.06008148193359375,watdiv,2
S2,orderby,1,0.972571849822998,10,1,12.488436698913574,0.06685256958007812,watdiv,3
S2,orderby,10,0.8443520069122314,9,10,12.103822496202257,0.08495648701985677,watdiv,1
S2,orderby,10,0.8936240673065186,10,10,11.578965187072754,0.08151531219482422,watdiv,2
S2,orderby,10,0.8698391914367676,9,10,13.855536778767904,0.08209546407063802,watdiv,3
S2,orderby,20,0.9685728549957275,10,20,14.594483375549316,0.11439323425292969,watdiv,1
S2,orderby,20,1.2739267349243164,13,20,14.877190956702599,0.15090062068058893,watdiv,2
S2,orderby,20,0.8713829517364502,9,20,11.979685889350044,0.1079241434733073,watdiv,3
S2,baseline,1,0.8499908447265625,10,1033,3.2234668731689453,0.06594657897949219,watdiv,1
S2,baseline,1,0.7934222221374512,9,1033,3.191815482245551,0.060558319091796875,watdiv,2
S2,baseline,1,0.7700929641723633,9,1033,3.4437179565429688,0.058465533786349826,watdiv,3
S2,baseline,10,1.0256421566009521,12,1033,3.9502978324890137,0.07555882136027019,watdiv,1
S2,baseline,10,0.8131799697875977,10,1033,3.637981414794922,0.06489753723144531,watdiv,2
S2,baseline,10,0.7886440753936768,9,1033,3.307845857408312,0.06307495964898004,watdiv,3
S2,baseline,20,0.7621560096740723,9,1033,3.3462047576904297,0.04956457349989149,watdiv,1
S2,baseline,20,0.7997581958770752,9,1033,3.254519568549262,0.05398856268988715,watdiv,2
S2,baseline,20,1.1950109004974365,14,1033,3.839577947344099,0.07465907505580358,watdiv,3
S2,orderbyone,1,0.895986795425415,10,109,14.30366039276123,0.054168701171875,watdiv,1
S2,orderbyone,1,0.9234018325805664,10,98,12.057685852050781,0.06518363952636719,watdiv,2
S2,orderbyone,1,1.1575736999511719,12,89,15.48441251118978,0.08440017700195312,watdiv,3
S2,orderbyone,10,1.1681411266326904,12,89,18.187344074249268,0.0820159912109375,watdiv,1
S2,orderbyone,10,1.1077220439910889,12,89,13.828794161478678,0.07347265879313152,watdiv,2
S2,orderbyone,10,1.1650018692016602,12,89,14.483908812204996,0.07633368174235027,watdiv,3
S2,orderbyone,20,0.8932788372039795,10,109,13.247370719909668,0.0553131103515625,watdiv,1
S2,orderbyone,20,0.870305061340332,10,112,11.294102668762207,0.05488395690917969,watdiv,2
S2,orderbyone,20,0.8790690898895264,10,110,11.668157577514648,0.05497932434082031,watdiv,3
L5,orderby,1,20.38613200187683,204,1,8.510456365697523,0.05780715568392884,watdiv,1
L5,orderby,1,20.32100796699524,203,1,8.519510917475658,0.05711710511757235,watdiv,2
L5,orderby,1,20.36575722694397,204,1,8.490828906788545,0.05784338595820408,watdiv,3
L5,orderby,10,20.588639974594116,204,10,8.719309872271968,0.08598612804038852,watdiv,1
L5,orderby,10,20.763811826705933,205,10,8.774930674855302,0.08956048546767817,watdiv,2
L5,orderby,10,20.437401056289673,201,10,8.857884810338566,0.08546890904061237,watdiv,3
L5,orderby,20,24.235798835754395,234,20,10.224412649105757,0.13787827940068692,watdiv,1
L5,orderby,20,20.99708390235901,206,20,9.030722877354298,0.11865490848578296,watdiv,2
L5,orderby,20,21.060277938842773,206,20,8.971524470060775,0.11805654729454262,watdiv,3
L5,baseline,1,20.52925181388855,196,28315,0.3763060180508361,0.05007398371793786,watdiv,1
L5,baseline,1,21.231001138687134,206,28315,0.3613245140001612,0.059347708248397676,watdiv,2
L5,baseline,1,21.699372053146362,213,28315,0.38231594461790275,0.05816293994026005,watdiv,3
L5,baseline,10,20.885066986083984,202,28315,0.3567402905756884,0.052847484550853766,watdiv,1
L5,baseline,10,20.85880398750305,201,28315,0.34272018356702816,0.052734393978593364,watdiv,2
L5,baseline,10,20.849857091903687,201,28315,0.3506900066166968,0.05260035766297905,watdiv,3
L5,baseline,20,21.167246103286743,199,28315,0.35782794856545913,0.05185663999624588,watdiv,1
L5,baseline,20,20.85952377319336,202,28315,0.3439931586237237,0.05236356565267733,watdiv,2
L5,baseline,20,20.814499139785767,202,28315,0.35541364462068764,0.053602870148007235,watdiv,3
L5,orderbyone,1,19.82150888442993,222,205,8.522458978601405,0.054171493461540154,watdiv,1
L5,orderbyone,1,28.709901094436646,308,177,11.52406729661025,0.07528221452390993,watdiv,2
L5,orderbyone,1,19.82838797569275,222,209,8.346354639207995,0.05474606075802365,watdiv,3
L5,orderbyone,10,20.537461042404175,229,234,8.570003717747317,0.05681858312615141,watdiv,1
L5,orderbyone,10,21.045870780944824,233,238,9.106007768360842,0.05768092405130935,watdiv,2
L5,orderbyone,10,25.23455810546875,273,232,10.643113663781694,0.07044177352290451,watdiv,3
L5,orderbyone,20,29.253925323486328,310,271,11.584501881753244,0.07433737477948589,watdiv,1
L5,orderbyone,20,20.063413858413696,223,298,8.350999900578383,0.054903629114809595,watdiv,2
L5,orderbyone,20,23.67027997970581,258,296,9.915939597196358,0.06545514099357665,watdiv,3
S3,orderby,1,0.09540820121765137,1,1,23.7729549407959,0.010013580322265625,watdiv,1
S3,orderby,1,0.10513091087341309,1,1,26.479244232177734,0.013113021850585938,watdiv,2
S3,orderby,1,0.09600305557250977,1,1,22.239208221435547,0.012874603271484375,watdiv,3
S3,orderby,10,0.12827396392822266,1,10,25.645017623901367,0.012636184692382812,watdiv,1
S3,orderby,10,0.10983395576477051,1,10,25.01821517944336,0.013113021850585938,watdiv,2
S3,orderby,10,0.10474181175231934,1,10,25.231122970581055,0.012159347534179688,watdiv,3
S3,orderby,20,0.15569090843200684,1,20,46.03409767150879,0.010967254638671875,watdiv,1
S3,orderby,20,0.09831690788269043,1,20,23.532867431640625,0.012874603271484375,watdiv,2
S3,orderby,20,0.30896830558776855,3,20,14.649709065755209,0.10037422180175781,watdiv,3
S3,baseline,1,0.09320926666259766,2,341,7.0400238037109375,0.03266334533691406,watdiv,1
S3,baseline,1,0.08838295936584473,2,341,5.51295280456543,0.03635883331298828,watdiv,2
S3,baseline,1,0.09153318405151367,2,341,5.562424659729004,0.033020973205566406,watdiv,3
S3,baseline,10,0.09018301963806152,2,341,5.532264709472656,0.032901763916015625,watdiv,1
S3,baseline,10,0.10579895973205566,2,341,7.009983062744141,0.02944469451904297,watdiv,2
S3,baseline,10,0.10027503967285156,2,341,6.24537467956543,0.041484832763671875,watdiv,3
S3,baseline,20,0.09488511085510254,2,341,5.862951278686523,0.037670135498046875,watdiv,1
S3,baseline,20,0.13855504989624023,2,341,16.314029693603516,0.037550926208496094,watdiv,2
S3,baseline,20,0.0893239974975586,2,341,5.4111480712890625,0.04112720489501953,watdiv,3
S3,orderbyone,1,0.13061237335205078,2,200,25.115132331848145,0.03743171691894531,watdiv,1
S3,orderbyone,1,0.11124897003173828,2,200,15.960335731506348,0.03647804260253906,watdiv,2
S3,orderbyone,1,0.1113138198852539,2,200,16.139984130859375,0.03349781036376953,watdiv,3
S3,orderbyone,10,0.14440011978149414,2,200,28.28383445739746,0.03254413604736328,watdiv,1
S3,orderbyone,10,0.12525105476379395,2,200,16.232848167419434,0.03421306610107422,watdiv,2
S3,orderbyone,10,0.15931391716003418,2,200,19.896388053894043,0.039458274841308594,watdiv,3
S3,orderbyone,20,0.11680483818054199,2,200,15.645980834960938,0.036597251892089844,watdiv,1
S3,orderbyone,20,0.12460803985595703,2,200,17.23647117614746,0.040531158447265625,watdiv,2
S3,orderbyone,20,0.1253650188446045,2,200,17.52305030822754,0.04088878631591797,watdiv,3
C2,orderby,1,5.11498498916626,56,1,9.9077650478908,0.1354515552520752,watdiv,1
C2,orderby,1,6.218653917312622,67,1,11.227305255719084,0.1654945202727816,watdiv,2
C2,orderby,1,5.277521848678589,58,1,9.526244525251718,0.14307170078672213,watdiv,3
C2,orderby,10,5.196691989898682,56,10,10.157576629093715,0.18906593322753906,watdiv,1
C2,orderby,10,6.094921350479126,65,10,11.16017194894644,0.21710762610802284,watdiv,2
C2,orderby,10,5.391185998916626,58,10,10.384452754053576,0.19493185240646888,watdiv,3
C2,orderby,20,5.212986946105957,56,20,10.117386068616595,0.24431518145969935,watdiv,1
C2,orderby,20,5.299383878707886,57,20,10.309043683503804,0.24601032859400698,watdiv,2
C2,orderby,20,5.471548795700073,59,20,10.603536993770277,0.2550715107028767,watdiv,3
C2,baseline,1,4.600374937057495,56,92,1.1643852506365096,0.12683016913277761,watdiv,1
C2,baseline,1,4.655956983566284,57,92,1.1523020894903886,0.12953657852975944,watdiv,2
C2,baseline,1,4.718594074249268,58,92,1.1755598002466663,0.13254017665468412,watdiv,3
C2,baseline,10,4.60588002204895,56,92,1.1898151465824671,0.12478658131190709,watdiv,1
C2,baseline,10,4.627985000610352,56,92,1.2125074863433838,0.12715373720441545,watdiv,2
C2,baseline,10,4.828700065612793,59,92,1.219886844441042,0.13386597067622816,watdiv,3
C2,baseline,20,4.61423397064209,56,92,1.1801251343318395,0.12680888175964355,watdiv,1
C2,baseline,20,5.050982236862183,61,92,1.2096967853483607,0.14303160495445377,watdiv,2
C2,baseline,20,4.692090272903442,57,92,1.1723710779558147,0.12873766715066476,watdiv,3
C2,orderbyone,1,5.120452880859375,56,12,9.305894374847412,0.1325479575565883,watdiv,1
C2,orderbyone,1,6.710441827774048,70,12,12.848731449672155,0.17295224325997488,watdiv,2
C2,orderbyone,1,6.518243789672852,69,12,12.395969335583674,0.16623303510140683,watdiv,3
C2,orderbyone,10,5.818690776824951,63,12,10.336766167292518,0.15727300492544022,watdiv,1
C2,orderbyone,10,7.3339269161224365,74,12,14.276581841546136,0.19593174393112595,watdiv,2
C2,orderbyone,10,6.586564779281616,69,21,11.989610782568006,0.17032761504684668,watdiv,3
C2,orderbyone,20,7.044584274291992,72,21,13.582160075505575,0.17828742663065592,watdiv,1
C2,orderbyone,20,5.984554052352905,64,21,11.122729629278183,0.15829503536224365,watdiv,2
C2,orderbyone,20,8.692547798156738,86,21,15.350150507549907,0.23877620697021484,watdiv,3
F3,orderby,1,0.8890659809112549,7,1,10.611670357840401,0.07884843008858818,watdiv,1
F3,orderby,1,0.9886300563812256,8,1,11.275172233581543,0.09047985076904297,watdiv,2
F3,orderby,1,0.9894900321960449,8,1,12.265175580978394,0.09253621101379395,watdiv,3
F3,orderby,10,0.8699729442596436,7,10,10.860954012189593,0.10657310485839844,watdiv,1
F3,orderby,10,0.9127709865570068,7,10,15.184811183384486,0.1263277871268136,watdiv,2
F3,orderby,10,0.8563981056213379,7,10,10.456289563860212,0.10200909205845424,watdiv,3
F3,orderby,20,0.8884379863739014,7,20,11.32828848702567,0.1442091805594308,watdiv,1
F3,orderby,20,0.9891650676727295,8,20,13.012111186981201,0.15342235565185547,watdiv,2
F3,orderby,20,0.9177980422973633,7,20,14.252492359706334,0.1384530748639788,watdiv,3
F3,baseline,1,0.9926958084106445,13,2596,3.2124886145958533,0.0807505387526292,watdiv,1
F3,baseline,1,1.116974115371704,14,2596,1.8485103334699358,0.0803300312587193,watdiv,2
F3,baseline,1,0.9159340858459473,13,2596,1.5972210810734675,0.07040684039776142,watdiv,3
F3,baseline,10,0.9632968902587891,13,2596,1.593333024245042,0.06860953110914964,watdiv,1
F3,baseline,10,0.8922388553619385,13,2596,1.5604129204383264,0.06488653329702523,watdiv,2
F3,baseline,10,0.8757739067077637,13,2596,1.5730674450214093,0.06532669067382812,watdiv,3
F3,baseline,20,0.8872036933898926,13,2596,1.557295139019306,0.06479483384352464,watdiv,1
F3,baseline,20,0.926619291305542,13,2596,3.3676807697002706,0.07106707646296574,watdiv,2
F3,baseline,20,0.9152071475982666,13,2596,2.0163609431340146,0.06486819340632512,watdiv,3
F3,orderbyone,1,0.7738299369812012,9,200,13.056675593058268,0.07134013705783421,watdiv,1
F3,orderbyone,1,0.7451510429382324,9,200,10.266462961832682,0.07184346516927083,watdiv,2
F3,orderbyone,1,0.7459170818328857,9,200,10.555399788750542,0.07091628180609809,watdiv,3
F3,orderbyone,10,0.811053991317749,9,200,12.958155737982857,0.07610850863986546,watdiv,1
F3,orderbyone,10,0.8133409023284912,9,200,11.071496539645725,0.07955233256022136,watdiv,2
F3,orderbyone,10,0.8134489059448242,9,200,11.163817511664497,0.08779101901584202,watdiv,3
F3,orderbyone,20,0.8584737777709961,10,200,11.610150337219238,0.08356571197509766,watdiv,1
F3,orderbyone,20,0.863029956817627,10,200,10.647177696228027,0.08077621459960938,watdiv,2
F3,orderbyone,20,1.3006811141967773,13,200,17.043388806856594,0.11167159447303185,watdiv,3
L1,orderby,1,2.9869680404663086,12,1,11.120537916819254,0.06494919459025066,watdiv,1
L1,orderby,1,3.021329164505005,13,1,10.90550422668457,0.06453807537372296,watdiv,2
L1,orderby,1,3.025259017944336,12,1,9.814699490865072,0.06588300069173177,watdiv,3
L1,orderby,10,2.9848499298095703,12,10,9.865760803222656,0.09208917617797852,watdiv,1
L1,orderby,10,3.036081075668335,12,10,9.876747926076254,0.09222825368245442,watdiv,2
L1,orderby,10,3.35030460357666,14,10,12.908288410731725,0.09826251438685826,watdiv,3
L1,orderby,20,2.748671054840088,11,20,11.05046272277832,0.11283701116388495,watdiv,1
L1,orderby,20,2.856933116912842,12,20,11.459449927012125,0.11893113454182942,watdiv,2
L1,orderby,20,2.768828868865967,12,20,8.925060431162516,0.10981162389119466,watdiv,3
L1,baseline,1,3.9617726802825928,106,21045,0.5600879777152583,0.05339901402311505,watdiv,1
L1,baseline,1,3.9561879634857178,106,21045,0.5635113086340562,0.05450788533912515,watdiv,2
L1,baseline,1,3.9990100860595703,106,21045,0.5740759507665094,0.05478454086015809,watdiv,3
L1,baseline,10,3.9746811389923096,106,21045,0.5752073144013027,0.055670738220214844,watdiv,1
L1,baseline,10,4.05870795249939,106,21045,0.5977536147495486,0.05596763682815264,watdiv,2
L1,baseline,10,4.1058738231658936,106,21045,0.5873396711529426,0.05634775701558815,watdiv,3
L1,baseline,20,3.6778008937835693,106,21045,0.7835896509998249,0.048099823717801075,watdiv,1
L1,baseline,20,5.028367757797241,106,21045,0.7516955429652952,0.0757788712123655,watdiv,2
L1,baseline,20,3.5424938201904297,106,21045,0.5047726181318175,0.04272865799238097,watdiv,3
L1,orderbyone,1,2.2399940490722656,26,209,9.220600128173828,0.057779825650728665,watdiv,1
L1,orderbyone,1,2.48235821723938,27,209,9.334696663750542,0.05719396803114149,watdiv,2
L1,orderbyone,1,2.254507064819336,26,209,8.690082109891451,0.05564322838416466,watdiv,3
L1,orderbyone,10,2.2530548572540283,26,217,9.580291234529936,0.05356165078970102,watdiv,1
L1,orderbyone,10,2.455796957015991,28,217,9.689016001565117,0.05864245550973075,watdiv,2
L1,orderbyone,10,2.3755829334259033,27,217,9.408058943571868,0.056902567545572914,watdiv,3
L1,orderbyone,20,2.364006757736206,27,226,8.88381180939851,0.0576001626473886,watdiv,1
L1,orderbyone,20,2.4075698852539062,28,226,8.76012018748692,0.05905968802315848,watdiv,2
L1,orderbyone,20,2.2594549655914307,26,226,9.547857137826773,0.053589160625751205,watdiv,3
S7,orderby,1,2.6855311393737793,20,1,10.697698593139648,0.0609278678894043,watdiv,1
S7,orderby,1,2.6713900566101074,20,1,10.284674167633057,0.06159543991088867,watdiv,2
S7,orderby,1,3.3836801052093506,25,1,11.319799423217773,0.0720977783203125,watdiv,3
S7,orderby,10,2.6868889331817627,20,10,10.076594352722168,0.08741617202758789,watdiv,1
S7,orderby,10,3.2152669429779053,26,10,8.856764206519493,0.08999384366548978,watdiv,2
S7,orderby,10,2.6142311096191406,19,10,10.628512031153628,0.08800155238101356,watdiv,3
S7,orderby,20,2.5671510696411133,19,20,9.394231595491108,0.11361272711502879,watdiv,1
S7,orderby,20,3.2725002765655518,24,20,12.322763601938883,0.13662377993265787,watdiv,2
S7,orderby,20,2.9589040279388428,22,20,11.239918795498935,0.12536482377485794,watdiv,3
S7,baseline,1,3.241158962249756,158,31490,0.9454126599468763,0.04188018509104282,watdiv,1
S7,baseline,1,4.04790186882019,158,31490,1.1718197713924359,0.06044212775894358,watdiv,2
S7,baseline,1,4.152969837188721,158,31490,1.2203168265427216,0.06171872344198106,watdiv,3
S7,baseline,10,3.295491933822632,158,31490,0.9424294097514092,0.04575675046896633,watdiv,1
S7,baseline,10,3.378185987472534,158,31490,0.9876429280148277,0.04843669601633579,watdiv,2
S7,baseline,10,3.9950931072235107,158,31490,1.1349146879172023,0.05843971349016021,watdiv,3
S7,baseline,20,3.6111321449279785,158,31490,1.0095050063314317,0.0520325914213929,watdiv,1
S7,baseline,20,3.3806698322296143,158,31490,0.955319102806381,0.048620791374882566,watdiv,2
S7,baseline,20,3.3828530311584473,158,31490,0.9583898737460752,0.04870680314076098,watdiv,3
S7,orderbyone,1,3.624169111251831,40,200,11.85615062713623,0.07237792015075684,watdiv,1
S7,orderbyone,1,3.0865437984466553,35,200,10.497733524867467,0.06706374032156807,watdiv,2
S7,orderbyone,1,3.0987539291381836,35,200,10.596391132899694,0.07274491446358818,watdiv,3
S7,orderbyone,10,3.1161019802093506,35,200,10.229342324393135,0.06612368992396764,watdiv,1
S7,orderbyone,10,3.1022748947143555,35,200,10.617733001708984,0.0690255846296038,watdiv,2
S7,orderbyone,10,3.662071704864502,40,200,12.132912874221802,0.0749826431274414,watdiv,3
S7,orderbyone,20,2.853066921234131,32,200,9.57418978214264,0.056646764278411865,watdiv,1
S7,orderbyone,20,2.855168104171753,32,200,9.680487215518951,0.05583465099334717,watdiv,2
S7,orderbyone,20,2.905435085296631,33,200,9.824991226196289,0.0569675907944188,watdiv,3
F4,orderby,1,0.8877699375152588,6,1,11.381983757019043,0.10112921396891277,watdiv,1
F4,orderby,1,1.5624208450317383,10,1,16.193556785583496,0.16279220581054688,watdiv,2
F4,orderby,1,0.9055202007293701,6,1,15.84780216217041,0.10093053181966145,watdiv,3
F4,orderby,10,0.9237499237060547,6,10,12.435078620910645,0.14889240264892578,watdiv,1
F4,orderby,10,1.11049485206604,7,10,14.263357434953962,0.26985577174595426,watdiv,2
F4,orderby,10,0.9371719360351562,6,10,12.259840965270996,0.14873345692952475,watdiv,3
F4,orderby,20,0.944025993347168,6,20,15.166203180948893,0.18215179443359375,watdiv,1
F4,orderby,20,0.9130690097808838,6,20,11.88349723815918,0.1888275146484375,watdiv,2
F4,orderby,20,0.9246201515197754,6,20,12.168407440185547,0.1905361811319987,watdiv,3
F4,baseline,1,1.1696362495422363,49,9760,1.5083867676404057,0.10025257966956314,watdiv,1
F4,baseline,1,1.3659708499908447,49,9760,1.208825987212512,0.12712575951401067,watdiv,2
F4,baseline,1,1.3125576972961426,49,9760,1.6068390437534876,0.11843077990473533,watdiv,3
F4,baseline,10,1.1926279067993164,49,9760,1.098131646915358,0.10708886749890385,watdiv,1
F4,baseline,10,1.1680169105529785,49,9760,1.0738080861617108,0.10309413987763073,watdiv,2
F4,baseline,10,1.1732702255249023,49,9760,1.0436846285450214,0.09931350240902025,watdiv,3
F4,baseline,20,1.1651430130004883,49,9760,1.0283285257767658,0.10104082068618463,watdiv,1
F4,baseline,20,1.1798288822174072,49,9760,1.0107488048319915,0.1054296688157685,watdiv,2
F4,baseline,20,1.1616439819335938,49,9760,1.0520633386105906,0.10534208648058833,watdiv,3
F4,orderbyone,1,1.2562577724456787,14,401,12.918233871459961,0.1304490225655692,watdiv,1
F4,orderbyone,1,1.2894299030303955,14,401,13.188651629856654,0.1241990498134068,watdiv,2
F4,orderbyone,1,1.1698617935180664,13,401,11.865780903742863,0.11765039884127103,watdiv,3
F4,orderbyone,10,1.1392998695373535,13,401,10.198189662053036,0.13046998244065505,watdiv,1
F4,orderbyone,10,1.3116471767425537,14,401,13.035825320652553,0.12780938829694474,watdiv,2
F4,orderbyone,10,1.1655199527740479,13,401,12.399746821476864,0.12012628408578727,watdiv,3
F4,orderbyone,20,1.169945240020752,13,401,12.52599862905649,0.11651332561786358,watdiv,1
F4,orderbyone,20,1.1444637775421143,13,401,11.260161033043495,0.11394574091984676,watdiv,2
F4,orderbyone,20,1.2798247337341309,14,401,12.293423925127302,0.1304149627685547,watdiv,3
L2,orderby,1,18.889976024627686,206,1,8.578362974148352,0.05735702885007395,watdiv,1
L2,orderby,1,18.75069808959961,204,1,8.601124380149093,0.05518104515823664,watdiv,2
L2,orderby,1,20.811800003051758,227,1,8.840555661575385,0.06398230397228627,watdiv,3
L2,orderby,10,20.069706916809082,218,10,8.796388949822942,0.08099013512287664,watdiv,1
L2,orderby,10,19.323739051818848,210,10,8.797175543648857,0.08057299114408947,watdiv,2
L2,orderby,10,23.211204767227173,246,10,10.248249139243025,0.09493711518078315,watdiv,3
L2,orderby,20,22.040783166885376,236,20,9.576512595354501,0.11278108014898786,watdiv,1
L2,orderby,20,22.35490107536316,239,20,9.752793292121408,0.11561904492238576,watdiv,2
L2,orderby,20,22.004443883895874,236,20,9.554130546117234,0.11353977655960341,watdiv,3
L2,baseline,1,19.04693293571472,226,23305,0.38739326780876226,0.06482347977899872,watdiv,1
L2,baseline,1,18.804867267608643,223,23305,0.3678178573403123,0.06206153219590807,watdiv,2
L2,baseline,1,18.839765071868896,224,23305,0.3688878246716091,0.0604731695992606,watdiv,3
L2,baseline,10,19.18586492538452,229,23305,0.385828934382143,0.06394198888253957,watdiv,1
L2,baseline,10,19.07357883453369,228,23305,0.3806844092251962,0.060936860870896725,watdiv,2
L2,baseline,10,20.244863033294678,240,23305,0.3931562105814616,0.06597836812337239,watdiv,3
L2,baseline,20,18.05674695968628,215,23305,0.3564712613127952,0.05830165951750999,watdiv,1
L2,baseline,20,17.78528594970703,212,23305,0.35540225370874945,0.05718784512213941,watdiv,2
L2,baseline,20,20.744395971298218,247,23305,0.39897563486446735,0.06642997988805115,watdiv,3
L2,orderbyone,1,22.02181577682495,243,196,9.680192656968357,0.0661753823237164,watdiv,1
L2,orderbyone,1,19.17998695373535,215,192,8.34576917249103,0.0543339307918105,watdiv,2
L2,orderbyone,1,19.3729350566864,217,193,8.448566709245954,0.05553285097746256,watdiv,3
L2,orderbyone,10,19.270614862442017,216,218,8.39017386789675,0.05533297856648763,watdiv,1
L2,orderbyone,10,19.367706060409546,217,206,8.439043150519446,0.054662678098898326,watdiv,2
L2,orderbyone,10,19.741284132003784,221,216,8.536334490883943,0.05812990179968096,watdiv,3
L2,orderbyone,20,19.459760189056396,216,250,8.601845414550215,0.05488704752039026,watdiv,1
L2,orderbyone,20,19.54385733604431,218,256,8.48487757761544,0.055607305754215346,watdiv,2
L2,orderbyone,20,19.718491077423096,220,241,8.531203053214334,0.05718686363913796,watdiv,3
C1,orderby,1,0.19795703887939453,2,1,17.270922660827637,0.06592273712158203,watdiv,1
C1,orderby,1,0.19368410110473633,2,1,16.639113426208496,0.06389617919921875,watdiv,2
C1,orderby,1,0.22049212455749512,3,1,14.333486557006836,0.08455912272135417,watdiv,3
C1,orderby,10,0.2578399181365967,3,10,17.78856913248698,0.12056032816569011,watdiv,1
C1,orderby,10,0.25237488746643066,3,10,15.728314717610678,0.12087821960449219,watdiv,2
C1,orderby,10,0.2715418338775635,3,10,18.007914225260418,0.1251697540283203,watdiv,3
C1,orderby,20,0.22204899787902832,3,20,14.137347539265951,0.12365976969401042,watdiv,1
C1,orderby,20,0.2565138339996338,3,20,21.277348200480144,0.1293023427327474,watdiv,2
C1,orderby,20,0.2050628662109375,2,20,17.992138862609863,0.072479248046875,watdiv,3
C1,baseline,1,0.21957707405090332,3,20,5.690654118855794,0.08972485860188802,watdiv,1
C1,baseline,1,0.177232027053833,2,20,7.984519004821777,0.06103515625,watdiv,2
C1,baseline,1,0.18180298805236816,2,20,7.55000114440918,0.062465667724609375,watdiv,3
C1,baseline,10,0.2044689655303955,3,20,5.2623748779296875,0.09290377298990886,watdiv,1
C1,baseline,10,0.1755082607269287,2,20,6.644606590270996,0.06461143493652344,watdiv,2
C1,baseline,10,0.18545007705688477,2,20,8.149981498718262,0.064849853515625,watdiv,3
C1,baseline,20,0.1940608024597168,3,20,5.494753519694011,0.08026758829752605,watdiv,1
C1,baseline,20,0.2091970443725586,2,20,7.33339786529541,0.06198883056640625,watdiv,2
C1,baseline,20,0.1829698085784912,2,20,6.893038749694824,0.07200241088867188,watdiv,3
C1,orderbyone,1,0.20034289360046387,2,3,16.786575317382812,0.06604194641113281,watdiv,1
C1,orderbyone,1,0.21422219276428223,2,3,25.18439292907715,0.06103515625,watdiv,2
C1,orderbyone,1,0.19742608070373535,2,3,16.652941703796387,0.062465667724609375,watdiv,3
C1,orderbyone,10,0.23528313636779785,3,20,14.557361602783203,0.08265177408854167,watdiv,1
C1,orderbyone,10,0.24238801002502441,3,13,15.569289525349935,0.09171168009440105,watdiv,2
C1,orderbyone,10,0.22665882110595703,3,20,14.341990152994791,0.10800361633300781,watdiv,3
C1,orderbyone,20,0.20085501670837402,2,20,16.561508178710938,0.0635385513305664,watdiv,1
C1,orderbyone,20,0.26467013359069824,3,20,23.264646530151367,0.0789960225423177,watdiv,2
C1,orderbyone,20,0.27522730827331543,3,20,18.643299738566082,0.09783109029134114,watdiv,3
S4,orderby,1,0.07267594337463379,1,1,23.606061935424805,0.011920928955078125,watdiv,1
S4,orderby,1,0.07350611686706543,1,1,24.105072021484375,0.011920928955078125,watdiv,2
S4,orderby,1,0.07125115394592285,1,1,22.376060485839844,0.014066696166992188,watdiv,3
S4,orderby,10,0.0787956714630127,1,10,25.78592300415039,0.009059906005859375,watdiv,1
S4,orderby,10,0.07268095016479492,1,10,21.795988082885742,0.011205673217773438,watdiv,2
S4,orderby,10,0.07598996162414551,1,10,23.392915725708008,0.010013580322265625,watdiv,3
S4,orderby,20,0.09181094169616699,1,12,42.46091842651367,0.013113021850585938,watdiv,1
S4,orderby,20,0.0780949592590332,1,12,25.321006774902344,0.007867813110351562,watdiv,2
S4,orderby,20,0.09119582176208496,1,12,31.7690372467041,0.013113021850585938,watdiv,3
S4,baseline,1,0.06400322914123535,1,12,11.343955993652344,0.014066696166992188,watdiv,1
S4,baseline,1,0.05920910835266113,1,12,10.2691650390625,0.014066696166992188,watdiv,2
S4,baseline,1,0.06040668487548828,1,12,10.047197341918945,0.013113021850585938,watdiv,3
S4,baseline,10,0.06232881546020508,1,12,12.63880729675293,0.014066696166992188,watdiv,1
S4,baseline,10,0.0683891773223877,1,12,11.620044708251953,0.015735626220703125,watdiv,2
S4,baseline,10,0.06651782989501953,1,12,11.184215545654297,0.020265579223632812,watdiv,3
S4,baseline,20,0.06457972526550293,1,12,11.10982894897461,0.0152587890625,watdiv,1
S4,baseline,20,0.06755495071411133,1,12,13.532161712646484,0.014066696166992188,watdiv,2
S4,baseline,20,0.0644989013671875,1,12,13.214826583862305,0.015020370483398438,watdiv,3
S4,orderbyone,1,0.0725407600402832,1,12,20.964860916137695,0.013828277587890625,watdiv,1
S4,orderbyone,1,0.07273483276367188,1,12,22.98283576965332,0.028133392333984375,watdiv,2
S4,orderbyone,1,0.07187509536743164,1,12,22.262096405029297,0.015020370483398438,watdiv,3
S4,orderbyone,10,0.0838627815246582,1,12,27.205944061279297,0.014781951904296875,watdiv,1
S4,orderbyone,10,0.07282185554504395,1,12,23.60820770263672,0.014066696166992188,watdiv,2
S4,orderbyone,10,0.0744009017944336,1,12,22.157907485961914,0.015974044799804688,watdiv,3
S4,orderbyone,20,0.07135701179504395,1,12,22.313833236694336,0.011920928955078125,watdiv,1
S4,orderbyone,20,0.07343912124633789,1,12,23.074865341186523,0.013113021850585938,watdiv,2
S4,orderbyone,20,0.07681417465209961,1,12,24.975299835205078,0.022172927856445312,watdiv,3
L3,orderby,1,9.756714105606079,79,1,9.898614279831513,0.05832503113565566,watdiv,1
L3,orderby,1,8.826521158218384,72,1,8.581141630808512,0.05567404958936903,watdiv,2
L3,orderby,1,9.87620210647583,80,1,10.081839561462402,0.0582575798034668,watdiv,3
L3,orderby,10,9.316703796386719,76,10,9.195086203123394,0.07962866833335475,watdiv,1
L3,orderby,10,9.65412712097168,79,10,9.278321567969986,0.07971329025075405,watdiv,2
L3,orderby,10,11.881902933120728,95,10,11.061949478952508,0.09355545043945312,watdiv,3
L3,orderby,20,8.882956981658936,72,20,9.575313991970486,0.09957287046644422,watdiv,1
L3,orderby,20,8.880987882614136,72,20,9.183453189002144,0.09815229309929742,watdiv,2
L3,orderby,20,9.092531204223633,74,20,9.40216554177774,0.10167585836874472,watdiv,3
L3,baseline,1,15.491719007492065,831,166165,2.7287359272099576,0.0440405881218388,watdiv,1
L3,baseline,1,15.035892963409424,831,166165,2.6628354252747535,0.0413359287413449,watdiv,2
L3,baseline,1,13.742839097976685,831,166165,2.4042981626324704,0.036965495269077636,watdiv,3
L3,baseline,10,15.218024015426636,831,166165,2.6599107092755223,0.04300543260631722,watdiv,1
L3,baseline,10,13.467413663864136,831,166165,2.39192994779915,0.03559925065574233,watdiv,2
L3,baseline,10,13.763269186019897,831,166165,2.3938456166952524,0.034158123672797504,watdiv,3
L3,baseline,20,13.58255910873413,831,166165,2.4251180435345923,0.03321678629851083,watdiv,1
L3,baseline,20,13.567809820175171,831,166165,2.430888863390247,0.03304894650455847,watdiv,2
L3,baseline,20,13.631255626678467,831,166165,2.429350188492868,0.036263724096415276,watdiv,3
L3,orderbyone,1,11.909261226654053,133,6713,9.275943713080615,0.04854955171283923,watdiv,1
L3,orderbyone,1,11.415863752365112,127,6713,8.821588801586723,0.046035436194712724,watdiv,2
L3,orderbyone,1,11.668967962265015,129,6713,9.272922841153404,0.04742127056269683,watdiv,3
L3,orderbyone,10,12.12507700920105,135,6747,9.258432741518375,0.051102814850983794,watdiv,1
L3,orderbyone,10,11.819518089294434,132,6747,9.071799841794101,0.05366585471413352,watdiv,2
L3,orderbyone,10,12.016487836837769,134,6747,9.439479059247828,0.0493046063095776,watdiv,3
L3,orderbyone,20,12.573641300201416,139,6769,9.615657998503542,0.052829440549123204,watdiv,1
L3,orderbyone,20,12.822571992874146,141,6793,9.915143885511034,0.05562592905463902,watdiv,2
L3,orderbyone,20,14.506617069244385,157,6793,10.62571167186567,0.06051276140152269,watdiv,3
F1,orderby,1,0.14502906799316406,1,1,29.4649600982666,0.01430511474609375,watdiv,1
F1,orderby,1,0.1775369644165039,1,1,33.03194046020508,0.02002716064453125,watdiv,2
F1,orderby,1,0.14329791069030762,1,1,27.279138565063477,0.016927719116210938,watdiv,3
F1,orderby,10,0.1458120346069336,1,10,30.452966690063477,0.015735626220703125,watdiv,1
F1,orderby,10,0.21151995658874512,1,10,56.275129318237305,0.08487701416015625,watdiv,2
F1,orderby,10,0.14582586288452148,1,10,28.965234756469727,0.01621246337890625,watdiv,3
F1,orderby,20,0.1518709659576416,1,20,34.15989875793457,0.013828277587890625,watdiv,1
F1,orderby,20,0.1536111831665039,1,20,29.165029525756836,0.016927719116210938,watdiv,2
F1,orderby,20,0.1573798656463623,1,20,30.238866806030273,0.01811981201171875,watdiv,3
F1,baseline,1,0.16823410987854004,4,634,3.9985179901123047,0.0654458999633789,watdiv,1
F1,baseline,1,0.16530919075012207,4,634,5.455970764160156,0.06079673767089844,watdiv,2
F1,baseline,1,0.16998291015625,4,634,4.415750503540039,0.0654458999633789,watdiv,3
F1,baseline,10,0.17550420761108398,4,634,4.319250583648682,0.06818771362304688,watdiv,1
F1,baseline,10,0.14850521087646484,4,634,4.2372941970825195,0.05900859832763672,watdiv,2
F1,baseline,10,0.16634893417358398,4,634,4.136145114898682,0.06467103958129883,watdiv,3
F1,baseline,20,0.1483762264251709,4,634,3.4264326095581055,0.05310773849487305,watdiv,1
F1,baseline,20,0.15220999717712402,4,634,3.4160614013671875,0.05233287811279297,watdiv,2
F1,baseline,20,0.1548621654510498,4,634,3.7033557891845703,0.05161762237548828,watdiv,3
F1,orderbyone,1,0.12884283065795898,2,218,16.63064956665039,0.04088878631591797,watdiv,1
F1,orderbyone,1,0.13137602806091309,2,218,18.39292049407959,0.044345855712890625,watdiv,2
F1,orderbyone,1,0.1512460708618164,2,218,27.538657188415527,0.04398822784423828,watdiv,3
F1,orderbyone,10,0.1542820930480957,2,218,16.30556583404541,0.03898143768310547,watdiv,1
F1,orderbyone,10,0.12870192527770996,2,218,16.608834266662598,0.04100799560546875,watdiv,2
F1,orderbyone,10,0.12601184844970703,2,218,16.56806468963623,0.03993511199951172,watdiv,3
F1,orderbyone,20,0.1311497688293457,2,233,16.531944274902344,0.05447864532470703,watdiv,1
F1,orderbyone,20,0.13100695610046387,2,233,16.605138778686523,0.03993511199951172,watdiv,2
F1,orderbyone,20,0.12983202934265137,2,233,16.75117015838623,0.06592273712158203,watdiv,3
S5,orderby,1,0.08465814590454102,1,1,23.94700050354004,0.015020370483398438,watdiv,1
S5,orderby,1,0.07299017906188965,1,1,19.989013671875,0.012159347534179688,watdiv,2
S5,orderby,1,0.07374382019042969,1,1,21.751880645751953,0.0152587890625,watdiv,3
S5,orderby,10,0.07549595832824707,1,10,21.93307876586914,0.015735626220703125,watdiv,1
S5,orderby,10,0.0759742259979248,1,10,20.621061325073242,0.03886222839355469,watdiv,2
S5,orderby,10,0.08405709266662598,1,10,24.178266525268555,0.014781951904296875,watdiv,3
S5,orderby,20,0.07578587532043457,1,20,19.93393898010254,0.012159347534179688,watdiv,1
S5,orderby,20,0.07665419578552246,1,20,21.314144134521484,0.015020370483398438,watdiv,2
S5,orderby,20,0.07723116874694824,1,20,21.9728946685791,0.015020370483398438,watdiv,3
S5,baseline,1,0.06191897392272949,1,48,8.085012435913086,0.014066696166992188,watdiv,1
S5,baseline,1,0.0675508975982666,1,48,10.601997375488281,0.0171661376953125,watdiv,2
S5,baseline,1,0.06078696250915527,1,48,7.813692092895508,0.013828277587890625,watdiv,3
S5,baseline,10,0.061370134353637695,1,48,7.954835891723633,0.010013580322265625,watdiv,1
S5,baseline,10,0.08507180213928223,1,48,7.98487663269043,0.014066696166992188,watdiv,2
S5,baseline,10,0.05997896194458008,1,48,7.97581672668457,0.011920928955078125,watdiv,3
S5,baseline,20,0.09226417541503906,1,48,8.090972900390625,0.014066696166992188,watdiv,1
S5,baseline,20,0.06388211250305176,1,48,11.250972747802734,0.0152587890625,watdiv,2
S5,baseline,20,0.06101202964782715,1,48,8.177995681762695,0.007867813110351562,watdiv,3
S5,orderbyone,1,0.07542800903320312,1,48,23.279190063476562,0.013828277587890625,watdiv,1
S5,orderbyone,1,0.07437300682067871,1,48,22.158145904541016,0.014781951904296875,watdiv,2
S5,orderbyone,1,0.07436800003051758,1,48,22.44710922241211,0.012874603271484375,watdiv,3
S5,orderbyone,10,0.08560585975646973,1,48,22.01104164123535,0.016689300537109375,watdiv,1
S5,orderbyone,10,0.07065606117248535,1,48,19.578933715820312,0.013113021850585938,watdiv,2
S5,orderbyone,10,0.08498191833496094,1,48,21.013975143432617,0.013113021850585938,watdiv,3
S5,orderbyone,20,0.07360196113586426,1,48,20.826101303100586,0.010967254638671875,watdiv,1
S5,orderbyone,20,0.0983421802520752,1,48,22.517919540405273,0.014066696166992188,watdiv,2
S5,orderbyone,20,0.10857272148132324,1,48,21.770954132080078,0.010013580322265625,watdiv,3
F5,orderby,1,10.471469163894653,97,1,11.766753245874778,0.09519783491940842,watdiv,1
F5,orderby,1,9.523834943771362,89,1,10.596144065428316,0.08541010738758559,watdiv,2
F5,orderby,1,11.886315107345581,110,1,12.489370866255326,0.1042496074329723,watdiv,3
F5,orderby,10,10.223333835601807,95,10,10.881464104903372,0.12759158485814145,watdiv,1
F5,orderby,10,9.751317977905273,90,10,10.96918053097195,0.12737909952799478,watdiv,2
F5,orderby,10,10.218329906463623,96,10,10.7860267162323,0.1272882024447123,watdiv,3
F5,orderby,20,10.36692190170288,96,20,11.517748236656189,0.18606334924697876,watdiv,1
F5,orderby,20,13.41002893447876,120,20,14.059752225875854,0.22132794062296549,watdiv,2
F5,orderby,20,10.173263788223267,95,20,10.928166540045487,0.16716906898900083,watdiv,3
F5,baseline,1,10.805166959762573,237,47258,2.6101854783070237,0.08293546201810555,watdiv,1
F5,baseline,1,11.460588693618774,237,47258,2.7605692545572915,0.08864946003201642,watdiv,2
F5,baseline,1,11.303174018859863,237,47258,2.714938755276837,0.08580453285185094,watdiv,3
F5,baseline,10,10.53539776802063,237,47258,2.5677137737032734,0.08183390782352239,watdiv,1
F5,baseline,10,11.854038000106812,237,47258,2.8699349753464323,0.08968864312151817,watdiv,2
F5,baseline,10,14.016879081726074,237,47258,3.183432269196973,0.10469492980699499,watdiv,3
F5,baseline,20,13.009230136871338,237,47258,3.0729730420977757,0.09782203642124868,watdiv,1
F5,baseline,20,12.171939849853516,237,47258,2.9364638187714265,0.09253055234498615,watdiv,2
F5,baseline,20,10.63807201385498,237,47258,2.5673465889717457,0.08166691421959471,watdiv,3
F5,orderbyone,1,12.044624090194702,128,219,12.393878772854805,0.10640732944011688,watdiv,1
F5,orderbyone,1,16.828803777694702,170,219,16.45511599148021,0.12496499454273897,watdiv,2
F5,orderbyone,1,12.558291912078857,132,219,13.563230182185318,0.1035928726196289,watdiv,3
F5,orderbyone,10,10.726073980331421,117,240,11.017428504096138,0.08975542508638822,watdiv,1
F5,orderbyone,10,15.572625875473022,159,240,15.292466061670076,0.11863198670201332,watdiv,2
F5,orderbyone,10,11.201900005340576,122,240,11.282418594985712,0.09439030631643827,watdiv,3
F5,orderbyone,20,13.861793041229248,144,718,13.97882236374749,0.11309484640757243,watdiv,1
F5,orderbyone,20,14.885994672775269,154,718,14.127884592328753,0.11293144969197062,watdiv,2
F5,orderbyone,20,14.215924978256226,147,717,14.744580197496479,0.11226109095982142,watdiv,3
S1,orderby,1,2.5585598945617676,19,1,10.554627368324681,0.1186822590075041,watdiv,1
S1,orderby,1,2.7689220905303955,20,1,12.588167190551758,0.12489557266235352,watdiv,2
S1,orderby,1,3.4046437740325928,24,1,14.198313156763712,0.14062722524007162,watdiv,3
S1,orderby,10,2.655275821685791,19,10,12.32885059557463,0.16639107152035362,watdiv,1
S1,orderby,10,3.3754498958587646,23,10,13.38010248930558,0.1957312874172045,watdiv,2
S1,orderby,10,2.582360029220581,18,10,12.41849528418647,0.15706486172146267,watdiv,3
S1,orderby,20,2.582698106765747,18,20,12.071053187052408,0.19689400990804037,watdiv,1
S1,orderby,20,2.9175710678100586,20,20,13.2429838180542,0.23435354232788086,watdiv,2
S1,orderby,20,2.8895349502563477,20,20,11.854386329650879,0.22350549697875977,watdiv,3
S1,baseline,1,2.7206690311431885,44,7697,1.9582347436384722,0.1056627793745561,watdiv,1
S1,baseline,1,2.6335160732269287,44,7697,1.8974976106123491,0.09992989626797763,watdiv,2
S1,baseline,1,2.6221261024475098,44,7697,1.9187114455483176,0.09772452441128818,watdiv,3
S1,baseline,10,2.6909990310668945,45,7697,1.9636578030056424,0.1007292005750868,watdiv,1
S1,baseline,10,2.6444270610809326,44,7697,1.9093914465470747,0.09984319860284979,watdiv,2
S1,baseline,10,2.6632819175720215,44,7697,1.8910007043318315,0.10116533799604936,watdiv,3
S1,baseline,20,2.653859853744507,44,7697,1.981718973679976,0.09971857070922852,watdiv,1
S1,baseline,20,2.764468193054199,44,7697,1.9438212568109685,0.10766224427656694,watdiv,2
S1,baseline,20,2.6511940956115723,44,7697,1.936684955250133,0.09960478002374823,watdiv,3
S1,orderbyone,1,2.0655810832977295,23,208,10.60566694840141,0.11557081471318784,watdiv,1
S1,orderbyone,1,1.96329927444458,22,208,10.30056043104692,0.10687654668634589,watdiv,2
S1,orderbyone,1,1.9670848846435547,22,208,10.328477079218084,0.10658394206653941,watdiv,3
S1,orderbyone,10,2.2218430042266846,24,332,11.411994695663452,0.12801090876261392,watdiv,1
S1,orderbyone,10,2.2346580028533936,24,332,12.44040330251058,0.1212159792582194,watdiv,2
S1,orderbyone,10,2.2151858806610107,24,332,11.838078498840332,0.12577573458353677,watdiv,3
S1,orderbyone,20,2.5185999870300293,26,528,13.430017691392164,0.13283582834097055,watdiv,1
S1,orderbyone,20,2.151899814605713,23,533,11.359473933344303,0.11386042055876358,watdiv,2
S1,orderbyone,20,2.127098798751831,23,422,11.265008345894191,0.11126891426418138,watdiv,3
C3,orderby,1,23.154855251312256,117,1,14.279355350722614,0.09361495319594684,watdiv-desc,1
C3,orderby,1,21.781076908111572,110,1,13.999997485767711,0.08619265122847124,watdiv-desc,2
C3,orderby,1,22.40283179283142,113,1,14.796140974601814,0.08763043226393978,watdiv-desc,3
C3,orderby,10,22.716198921203613,115,10,13.816765080327572,0.12431144714355469,watdiv-desc,1
C3,orderby,10,22.316105127334595,112,10,14.735330428395953,0.1210038151059832,watdiv-desc,2
C3,orderby,10,23.157933950424194,116,10,14.509766266263764,0.12641117490571122,watdiv-desc,3
C3,orderby,20,22.325345039367676,114,20,14.194724852578682,0.15804851264284367,watdiv-desc,1
C3,orderby,20,22.629179000854492,112,20,14.726102352142334,0.17308337347848074,watdiv-desc,2
C3,orderby,20,23.092493057250977,116,20,14.812000866593985,0.16517269200292126,watdiv-desc,3
C3,baseline,1,35.9498131275177,1665,332930,4.039336825992252,0.07309956593556446,watdiv-desc,1
C3,baseline,1,38.64988398551941,1665,332930,4.48322997794853,0.08338793619974956,watdiv-desc,2
C3,baseline,1,40.36587905883789,1665,332930,4.591908612408796,0.08548702205623593,watdiv-desc,3
C3,baseline,10,38.38556981086731,1665,332930,4.2379395023838535,0.07723143866828254,watdiv-desc,1
C3,baseline,10,35.92931580543518,1665,332930,3.9850428297712996,0.07058421412745754,watdiv-desc,2
C3,baseline,10,36.24482798576355,1665,332930,4.023642010158962,0.07048168697872677,watdiv-desc,3
C3,baseline,20,36.12069582939148,1665,332930,3.9808659940152555,0.07050073182618653,watdiv-desc,1
C3,baseline,20,35.78338408470154,1665,332930,3.972590936196817,0.07049944307711031,watdiv-desc,2
C3,baseline,20,35.809205055236816,1665,332930,3.975686797866592,0.07033562875008798,watdiv-desc,3
C3,orderbyone,1,28.05371594429016,296,2267,14.799995196832192,0.08305101781278043,watdiv-desc,1
C3,orderbyone,1,27.664936065673828,291,2267,14.713157083570342,0.08169891907996737,watdiv-desc,2
C3,orderbyone,1,29.404217004776,308,2267,15.399613937774262,0.08685867507736404,watdiv-desc,3
C3,orderbyone,10,28.19998526573181,296,2267,14.835745096206665,0.08324271923786886,watdiv-desc,1
C3,orderbyone,10,28.398578882217407,299,2267,14.813491731981768,0.08452058237133217,watdiv-desc,2
C3,orderbyone,10,29.051700115203857,304,2267,15.049913996144346,0.08661025448849327,watdiv-desc,3
C3,orderbyone,20,37.84780502319336,371,2267,19.17138575222293,0.11315564260971192,watdiv-desc,1
C3,orderbyone,20,38.369616985321045,374,2267,19.82181786215879,0.11111963241495551,watdiv-desc,2
C3,orderbyone,20,32.4716420173645,329,2267,17.06368944927552,0.10325626037041105,watdiv-desc,3
F2,orderby,1,0.33797287940979004,3,1,18.45391591389974,0.0793139139811198,watdiv-desc,1
F2,orderby,1,0.33038997650146484,3,1,17.81121889750163,0.08161862691243489,watdiv-desc,2
F2,orderby,1,0.33753013610839844,3,1,18.659671147664387,0.08567174275716145,watdiv-desc,3
F2,orderby,10,0.3583369255065918,3,10,19.697825113932293,0.12731552124023438,watdiv-desc,1
F2,orderby,10,0.3783278465270996,3,10,27.195533116658527,0.12270609537760417,watdiv-desc,2
F2,orderby,10,0.36699485778808594,3,10,23.082971572875977,0.1351038614908854,watdiv-desc,3
F2,orderby,20,0.34598207473754883,3,20,19.654591878255207,0.16029675801595053,watdiv-desc,1
F2,orderby,20,0.37661314010620117,3,20,19.06887690226237,0.15958150227864584,watdiv-desc,2
F2,orderby,20,0.3409247398376465,3,20,17.711957295735676,0.16339619954427084,watdiv-desc,3
F2,baseline,1,0.33074021339416504,5,883,4.497432708740234,0.08249282836914062,watdiv-desc,1
F2,baseline,1,0.32398390769958496,5,883,4.104185104370117,0.09751319885253906,watdiv-desc,2
F2,baseline,1,0.3832271099090576,5,883,4.051351547241211,0.10075569152832031,watdiv-desc,3
F2,baseline,10,0.3454751968383789,5,883,3.6850452423095703,0.09403228759765625,watdiv-desc,1
F2,baseline,10,0.32994699478149414,5,883,3.934001922607422,0.08158683776855469,watdiv-desc,2
F2,baseline,10,0.3546938896179199,5,883,3.804779052734375,0.09016990661621094,watdiv-desc,3
F2,baseline,20,0.33263587951660156,5,883,4.269647598266602,0.09903907775878906,watdiv-desc,1
F2,baseline,20,0.4272439479827881,5,883,4.457187652587891,0.15282630920410156,watdiv-desc,2
F2,baseline,20,0.3847320079803467,5,883,4.266119003295898,0.10333061218261719,watdiv-desc,3
F2,orderbyone,1,0.37253904342651367,4,204,18.067657947540283,0.09799003601074219,watdiv-desc,1
F2,orderbyone,1,0.38993000984191895,4,204,20.54893970489502,0.10311603546142578,watdiv-desc,2
F2,orderbyone,1,0.3366568088531494,4,204,16.770780086517334,0.09149312973022461,watdiv-desc,3
F2,orderbyone,10,0.39058399200439453,4,218,20.37292718887329,0.12820959091186523,watdiv-desc,1
F2,orderbyone,10,0.35413622856140137,4,218,17.494678497314453,0.09542703628540039,watdiv-desc,2
F2,orderbyone,10,0.4038240909576416,4,218,18.97740364074707,0.1081228256225586,watdiv-desc,3
F2,orderbyone,20,0.47202372550964355,5,226,20.50929069519043,0.11501312255859375,watdiv-desc,1
F2,orderbyone,20,0.3618497848510742,4,226,17.14015007019043,0.09900331497192383,watdiv-desc,2
F2,orderbyone,20,0.3404421806335449,4,226,15.535950660705566,0.08755922317504883,watdiv-desc,3
S6,orderby,1,0.11788082122802734,1,1,27.601242065429688,0.0152587890625,watdiv-desc,1
S6,orderby,1,0.133530855178833,1,1,30.650854110717773,0.015974044799804688,watdiv-desc,2
S6,orderby,1,0.13440585136413574,1,1,32.17005729675293,0.017881393432617188,watdiv-desc,3
S6,orderby,10,0.11280107498168945,1,10,26.677846908569336,0.014066696166992188,watdiv-desc,1
S6,orderby,10,0.2105410099029541,1,10,75.95300674438477,0.01811981201171875,watdiv-desc,2
S6,orderby,10,0.12744617462158203,1,10,30.365943908691406,0.016689300537109375,watdiv-desc,3
S6,orderby,20,0.13142895698547363,1,20,26.232004165649414,0.015020370483398438,watdiv-desc,1
S6,orderby,20,0.17103290557861328,1,20,50.402164459228516,0.02002716064453125,watdiv-desc,2
S6,orderby,20,0.13245916366577148,1,20,30.358076095581055,0.017881393432617188,watdiv-desc,3
S6,baseline,1,0.1220710277557373,5,987,2.4480342864990234,0.03790855407714844,watdiv-desc,1
S6,baseline,1,0.12703418731689453,5,987,2.831411361694336,0.048065185546875,watdiv-desc,2
S6,baseline,1,0.1337752342224121,5,987,2.431964874267578,0.046253204345703125,watdiv-desc,3
S6,baseline,10,0.1342308521270752,5,987,2.3465633392333984,0.045299530029296875,watdiv-desc,1
S6,baseline,10,0.12051105499267578,5,987,2.607297897338867,0.038433074951171875,watdiv-desc,2
S6,baseline,10,0.11921501159667969,5,987,2.140045166015625,0.03752708435058594,watdiv-desc,3
S6,baseline,20,0.11928009986877441,5,987,2.691221237182617,0.03933906555175781,watdiv-desc,1
S6,baseline,20,0.13663530349731445,5,987,2.3401737213134766,0.0453948974609375,watdiv-desc,2
S6,baseline,20,0.1320781707763672,5,987,2.2750377655029297,0.0423431396484375,watdiv-desc,3
S6,orderbyone,1,0.22846317291259766,5,987,13.832855224609375,0.044536590576171875,watdiv-desc,1
S6,orderbyone,1,0.22818613052368164,5,987,14.00752067565918,0.04544258117675781,watdiv-desc,2
S6,orderbyone,1,0.22520899772644043,5,987,13.491439819335938,0.04258155822753906,watdiv-desc,3
S6,orderbyone,10,0.2464582920074463,5,987,14.522743225097656,0.04730224609375,watdiv-desc,1
S6,orderbyone,10,0.25244688987731934,5,987,17.10062026977539,0.04329681396484375,watdiv-desc,2
S6,orderbyone,10,0.2557559013366699,5,987,13.524389266967773,0.047969818115234375,watdiv-desc,3
S6,orderbyone,20,0.2462007999420166,5,987,14.975309371948242,0.04200935363769531,watdiv-desc,1
S6,orderbyone,20,0.24833011627197266,5,987,13.621950149536133,0.04639625549316406,watdiv-desc,2
S6,orderbyone,20,0.24133014678955078,5,987,14.502096176147461,0.04620552062988281,watdiv-desc,3
L4,orderby,1,2.495364189147949,4,1,13.398528099060059,0.0476837158203125,watdiv-desc,1
L4,orderby,1,2.450140953063965,4,1,13.729751110076904,0.046193599700927734,watdiv-desc,2
L4,orderby,1,2.4812028408050537,4,1,13.581395149230957,0.045239925384521484,watdiv-desc,3
L4,orderby,10,2.8946187496185303,5,10,15.360164642333984,0.07772445678710938,watdiv-desc,1
L4,orderby,10,2.4178080558776855,4,10,13.382256031036377,0.06270408630371094,watdiv-desc,2
L4,orderby,10,3.105966091156006,5,10,18.34406852722168,0.07643699645996094,watdiv-desc,3
L4,orderby,20,2.6186459064483643,5,20,18.13359260559082,0.09007453918457031,watdiv-desc,1
L4,orderby,20,2.4574968814849854,4,20,13.411939144134521,0.08165836334228516,watdiv-desc,2
L4,orderby,20,2.530661106109619,4,20,13.64046335220337,0.08893013000488281,watdiv-desc,3
L4,baseline,1,2.923123836517334,71,14184,0.5134898172297948,0.03396625250158176,watdiv-desc,1
L4,baseline,1,4.7492287158966064,71,14184,17.3042055586694,0.04742850720042914,watdiv-desc,2
L4,baseline,1,3.0554258823394775,71,14184,0.5095609476868536,0.03313682448696083,watdiv-desc,3
L4,baseline,10,3.124677896499634,71,14184,0.5750286747032488,0.03727724854375275,watdiv-desc,1
L4,baseline,10,3.460149049758911,71,14184,0.9415451909454775,0.041306858331384796,watdiv-desc,2
L4,baseline,10,3.4576988220214844,71,14184,0.5971176523557851,0.041780337481431555,watdiv-desc,3
L4,baseline,20,2.881953001022339,71,14184,0.5226403894558759,0.03301257818517551,watdiv-desc,1
L4,baseline,20,2.8732669353485107,71,14184,0.5503943268681916,0.03628327812947018,watdiv-desc,2
L4,baseline,20,2.9608960151672363,71,14184,0.5402699322767661,0.03313682448696083,watdiv-desc,3
L4,orderbyone,1,1.1364860534667969,13,297,13.125162858229418,0.04297036391038161,watdiv-desc,1
L4,orderbyone,1,1.1040029525756836,13,301,11.33106305049016,0.04251186664287861,watdiv-desc,2
L4,orderbyone,1,1.148507833480835,13,297,11.67933757488544,0.04662000215970553,watdiv-desc,3
L4,orderbyone,10,1.1403388977050781,13,355,11.68058468745305,0.044639293964092545,watdiv-desc,1
L4,orderbyone,10,1.2637622356414795,14,345,14.459661075047084,0.04901204790387835,watdiv-desc,2
L4,orderbyone,10,1.2583801746368408,14,347,13.433354241507393,0.05035740988595145,watdiv-desc,3
L4,orderbyone,20,1.20615816116333,13,451,13.40022453894982,0.04432751582219051,watdiv-desc,1
L4,orderbyone,20,1.45255708694458,15,410,16.531658172607422,0.0632921854654948,watdiv-desc,2
L4,orderbyone,20,1.5775232315063477,16,399,16.162440180778503,0.06203353404998779,watdiv-desc,3
S2,orderby,1,0.8482937812805176,9,1,13.94510269165039,0.05523363749186198,watdiv-desc,1
S2,orderby,1,0.9953148365020752,10,1,17.25132465362549,0.06840229034423828,watdiv-desc,2
S2,orderby,1,0.9307539463043213,10,1,16.72384738922119,0.06046295166015625,watdiv-desc,3
S2,orderby,10,0.8503179550170898,9,10,14.029079013400608,0.07923444112141927,watdiv-desc,1
S2,orderby,10,0.9478027820587158,10,10,14.850449562072754,0.08933544158935547,watdiv-desc,2
S2,orderby,10,0.8982408046722412,9,10,16.344838672214085,0.0942548116048177,watdiv-desc,3
S2,orderby,20,0.9001710414886475,9,20,14.639483557807075,0.10328822665744358,watdiv-desc,1
S2,orderby,20,0.896367073059082,9,20,14.210038714938694,0.11250707838270399,watdiv-desc,2
S2,orderby,20,0.8611361980438232,9,20,14.380057652791342,0.10209613376193577,watdiv-desc,3
S2,baseline,1,0.7576377391815186,9,1033,3.349092271592882,0.050094392564561635,watdiv-desc,1
S2,baseline,1,0.8714642524719238,10,1033,3.659200668334961,0.05996227264404297,watdiv-desc,2
S2,baseline,1,0.7585089206695557,9,1033,3.404961691962348,0.05051824781629774,watdiv-desc,3
S2,baseline,10,0.7756738662719727,9,1033,3.2984415690104165,0.049697028266059026,watdiv-desc,1
S2,baseline,10,0.8236589431762695,10,1033,3.3419370651245117,0.057816505432128906,watdiv-desc,2
S2,baseline,10,0.7940270900726318,9,1033,3.4574137793646917,0.05981657240125868,watdiv-desc,3
S2,baseline,20,0.7820379734039307,9,1033,3.25881110297309,0.0595251719156901,watdiv-desc,1
S2,baseline,20,0.814673900604248,10,1033,3.611278533935547,0.055980682373046875,watdiv-desc,2
S2,baseline,20,0.7524940967559814,9,1033,3.3497545454237194,0.0507301754421658,watdiv-desc,3
S2,orderbyone,1,0.9268620014190674,10,786,13.921356201171875,0.056052207946777344,watdiv-desc,1
S2,orderbyone,1,0.9464168548583984,10,785,16.399741172790527,0.0545501708984375,watdiv-desc,2
S2,orderbyone,1,0.9549570083618164,10,783,13.872790336608887,0.05817413330078125,watdiv-desc,3
S2,orderbyone,10,0.9516561031341553,10,783,14.288115501403809,0.059103965759277344,watdiv-desc,1
S2,orderbyone,10,0.9749109745025635,10,785,16.216373443603516,0.05810260772705078,watdiv-desc,2
S2,orderbyone,10,0.9406099319458008,10,785,15.696263313293457,0.06015300750732422,watdiv-desc,3
S2,orderbyone,20,0.98879075050354,10,780,15.044236183166504,0.06592273712158203,watdiv-desc,1
S2,orderbyone,20,1.613111972808838,15,780,21.528037389119465,0.09236335754394531,watdiv-desc,2
S2,orderbyone,20,0.9615762233734131,10,783,13.814568519592285,0.06089210510253906,watdiv-desc,3
L5,orderby,1,21.659595012664795,211,1,11.122323890432927,0.05794927407214992,watdiv-desc,1
L5,orderby,1,25.443827867507935,244,1,12.721698792254339,0.06758873579932041,watdiv-desc,2
L5,orderby,1,21.6232590675354,211,1,11.278138906469842,0.057959443585002594,watdiv-desc,3
L5,orderby,10,25.054455041885376,238,10,12.786012737690902,0.09857305959493172,watdiv-desc,1
L5,orderby,10,23.778456926345825,227,10,12.300167839957753,0.09555648602052932,watdiv-desc,2
L5,orderby,10,23.98090696334839,228,10,12.332603596804434,0.09685963915105451,watdiv-desc,3
L5,orderby,20,24.22520089149475,228,20,12.26487494351571,0.1295010248819987,watdiv-desc,1
L5,orderby,20,24.69671607017517,231,20,12.59142289430032,0.1295531466925815,watdiv-desc,2
L5,orderby,20,25.200855255126953,236,20,12.758594448283567,0.13471457917811508,watdiv-desc,3
L5,baseline,1,21.095415115356445,205,28315,0.3545516874732041,0.05819855666742092,watdiv-desc,1
L5,baseline,1,23.087708950042725,218,28315,0.37851027392466136,0.05962979902914905,watdiv-desc,2
L5,baseline,1,24.596405267715454,235,28315,0.42560455646920714,0.06710417727206616,watdiv-desc,3
L5,baseline,10,21.992718935012817,215,28315,0.35887762557628544,0.05565022313317587,watdiv-desc,1
L5,baseline,10,21.557374954223633,199,28315,0.354696158787713,0.05093890817920167,watdiv-desc,2
L5,baseline,10,20.849562883377075,201,28315,0.34604262356734394,0.05303567914820429,watdiv-desc,3
L5,baseline,20,21.063228130340576,200,28315,0.34217000007629395,0.05190610885620117,watdiv-desc,1
L5,baseline,20,22.579816102981567,214,28315,0.3868085201655593,0.07425624633503851,watdiv-desc,2
L5,baseline,20,22.727324962615967,216,28315,0.36563144789801705,0.05992695137306496,watdiv-desc,3
L5,orderbyone,1,20.211653232574463,220,154,11.07245466925881,0.05528601733121005,watdiv-desc,1
L5,orderbyone,1,30.211039066314697,307,149,16.306193721410896,0.07896081632433963,watdiv-desc,2
L5,orderbyone,1,26.0435049533844,272,166,14.329761266708374,0.07199627511641558,watdiv-desc,3
L5,orderbyone,10,26.49509310722351,276,197,14.21484567117,0.06942299829013106,watdiv-desc,1
L5,orderbyone,10,20.658026933670044,224,205,11.097995298249382,0.05604858909334455,watdiv-desc,2
L5,orderbyone,10,20.852302074432373,226,207,11.23571923348756,0.05719197534881862,watdiv-desc,3
L5,orderbyone,20,25.046712160110474,260,264,13.846847644219032,0.06792820416964017,watdiv-desc,1
L5,orderbyone,20,23.99645209312439,251,253,13.368900078701309,0.0660542947837556,watdiv-desc,2
L5,orderbyone,20,23.17690396308899,246,260,12.324539626516946,0.06330691701997586,watdiv-desc,3
S3,orderby,1,0.12757086753845215,1,1,35.23516654968262,0.016927719116210938,watdiv-desc,1
S3,orderby,1,0.13769888877868652,1,1,37.930965423583984,0.019073486328125,watdiv-desc,2
S3,orderby,1,0.11463284492492676,1,1,32.662153244018555,0.015974044799804688,watdiv-desc,3
S3,orderby,10,0.11067891120910645,1,10,29.961824417114258,0.015020370483398438,watdiv-desc,1
S3,orderby,10,0.12518715858459473,1,10,34.358978271484375,0.017881393432617188,watdiv-desc,2
S3,orderby,10,0.1156473159790039,1,10,32.473087310791016,0.015735626220703125,watdiv-desc,3
S3,orderby,20,0.12469792366027832,1,20,36.65304183959961,0.015974044799804688,watdiv-desc,1
S3,orderby,20,0.10504794120788574,1,20,28.425931930541992,0.014781951904296875,watdiv-desc,2
S3,orderby,20,0.12633395195007324,1,20,34.20710563659668,0.017881393432617188,watdiv-desc,3
S3,baseline,1,0.10717916488647461,2,341,6.2274932861328125,0.04208087921142578,watdiv-desc,1
S3,baseline,1,0.0964970588684082,2,341,5.462050437927246,0.03445148468017578,watdiv-desc,2
S3,baseline,1,0.09821701049804688,2,341,5.459427833557129,0.038504600524902344,watdiv-desc,3
S3,baseline,10,0.09363102912902832,2,341,5.820631980895996,0.03063678741455078,watdiv-desc,1
S3,baseline,10,0.09110403060913086,2,341,5.610108375549316,0.030517578125,watdiv-desc,2
S3,baseline,10,0.10117197036743164,2,341,5.747199058532715,0.040411949157714844,watdiv-desc,3
S3,baseline,20,0.1283729076385498,2,341,19.46711540222168,0.03230571746826172,watdiv-desc,1
S3,baseline,20,0.1165308952331543,2,341,6.644010543823242,0.045418739318847656,watdiv-desc,2
S3,baseline,20,0.10189318656921387,2,341,7.525920867919922,0.039458274841308594,watdiv-desc,3
S3,orderbyone,1,0.1180872917175293,2,201,18.364429473876953,0.03504753112792969,watdiv-desc,1
S3,orderbyone,1,0.15320777893066406,2,201,24.16849136352539,0.047087669372558594,watdiv-desc,2
S3,orderbyone,1,0.12153482437133789,2,201,18.793344497680664,0.036597251892089844,watdiv-desc,3
S3,orderbyone,10,0.13433504104614258,2,211,20.970582962036133,0.04220008850097656,watdiv-desc,1
S3,orderbyone,10,0.12075591087341309,2,211,18.563032150268555,0.03552436828613281,watdiv-desc,2
S3,orderbyone,10,0.15368390083312988,2,211,23.469090461730957,0.045418739318847656,watdiv-desc,3
S3,orderbyone,20,0.12237095832824707,2,227,19.399523735046387,0.03516674041748047,watdiv-desc,1
S3,orderbyone,20,0.1311628818511963,2,227,19.051432609558105,0.04112720489501953,watdiv-desc,2
S3,orderbyone,20,0.13125395774841309,2,227,21.008610725402832,0.033974647521972656,watdiv-desc,3
C2,orderby,1,5.567980766296387,60,1,12.082123756408691,0.1418153444925944,watdiv-desc,1
C2,orderby,1,5.543262004852295,59,1,12.318251496654446,0.1401093046543962,watdiv-desc,2
C2,orderby,1,5.275698184967041,56,1,12.464970350265503,0.13797623770577566,watdiv-desc,3
C2,orderby,10,5.354443073272705,56,10,12.993012155805316,0.1879845346723284,watdiv-desc,1
C2,orderby,10,7.883821249008179,78,10,16.895367549015926,0.2584732495821439,watdiv-desc,2
C2,orderby,10,5.511039972305298,58,10,13.059155694369611,0.19585675206677666,watdiv-desc,3
C2,orderby,20,5.414837837219238,56,20,13.544789382389613,0.24671213967459543,watdiv-desc,1
C2,orderby,20,5.497545003890991,57,20,12.946417457179018,0.2655564692982456,watdiv-desc,2
C2,orderby,20,5.458854913711548,56,20,13.448242630277361,0.2450730119432722,watdiv-desc,3
C2,baseline,1,5.234102725982666,64,92,1.2823008000850677,0.14057010412216187,watdiv-desc,1
C2,baseline,1,4.926743030548096,60,92,1.233983039855957,0.14526446660359701,watdiv-desc,2
C2,baseline,1,5.963291883468628,72,92,1.3257960478464763,0.16546911663479275,watdiv-desc,3
C2,baseline,10,4.710105895996094,57,92,1.1807575560452646,0.13371099505508155,watdiv-desc,1
C2,baseline,10,5.0923943519592285,62,92,1.2132813853602256,0.14477391396799394,watdiv-desc,2
C2,baseline,10,5.4208760261535645,65,92,1.5748830942007213,0.15175159160907453,watdiv-desc,3
C2,baseline,20,4.614110946655273,56,92,1.2080754552568709,0.12621283531188965,watdiv-desc,1
C2,baseline,20,4.748840808868408,58,92,1.216407479911015,0.12988879762846847,watdiv-desc,2
C2,baseline,20,4.611422300338745,56,92,1.2026556900569372,0.12712393488202775,watdiv-desc,3
C2,orderbyone,1,5.396380186080933,57,18,12.90406678852282,0.14395881117435924,watdiv-desc,1
C2,orderbyone,1,6.201855897903442,64,18,14.139525592327118,0.15920400619506836,watdiv-desc,2
C2,orderbyone,1,8.87580418586731,81,18,19.53513828324683,0.4384193891360436,watdiv-desc,3
C2,orderbyone,10,5.650026082992554,60,50,12.526679039001465,0.202790896097819,watdiv-desc,1
C2,orderbyone,10,5.8484649658203125,61,50,13.86112072428719,0.15961537595655098,watdiv-desc,2
C2,orderbyone,10,5.92256498336792,62,50,13.931143668390089,0.1455853062291299,watdiv-desc,3
C2,orderbyone,20,7.355357885360718,73,88,14.987752862172584,0.21053340337047838,watdiv-desc,1
C2,orderbyone,20,5.635790824890137,60,88,12.455852826436361,0.1445293426513672,watdiv-desc,2
C2,orderbyone,20,7.903002738952637,77,88,17.665349043808973,0.19559612521877537,watdiv-desc,3
F3,orderby,1,1.0739572048187256,8,1,18.304646015167236,0.0972449779510498,watdiv-desc,1
F3,orderby,1,0.9171509742736816,7,1,16.84413637433733,0.07653236389160156,watdiv-desc,2
F3,orderby,1,0.943187952041626,7,1,16.541617257254465,0.08245876857212611,watdiv-desc,3
F3,orderby,10,1.0647730827331543,8,10,15.83072543144226,0.1270771026611328,watdiv-desc,1
F3,orderby,10,1.1997649669647217,9,10,18.622159957885742,0.13812383015950522,watdiv-desc,2
F3,orderby,10,0.9128029346466064,7,10,13.80671773638044,0.10824203491210938,watdiv-desc,3
F3,orderby,20,0.9171409606933594,7,20,17.61957577296666,0.1362051282610212,watdiv-desc,1
F3,orderby,20,0.9081239700317383,7,20,12.801272528512138,0.135455812726702,watdiv-desc,2
F3,orderby,20,0.9358160495758057,7,20,13.600247246878487,0.13858931405203684,watdiv-desc,3
F3,baseline,1,1.172879934310913,13,2596,2.0122161278357873,0.09859525240384616,watdiv-desc,1
F3,baseline,1,0.9246671199798584,13,2596,1.7566314110389123,0.07389141963078426,watdiv-desc,2
F3,baseline,1,0.9364988803863525,13,2596,1.645051516019381,0.07552366990309495,watdiv-desc,3
F3,baseline,10,1.1725103855133057,14,2596,2.106598445347377,0.0961167471749442,watdiv-desc,1
F3,baseline,10,1.0462260246276855,13,2596,1.8461300776554987,0.08293298574594352,watdiv-desc,2
F3,baseline,10,1.0579190254211426,13,2596,1.9535468174861028,0.0897370851956881,watdiv-desc,3
F3,baseline,20,1.1052250862121582,13,2596,2.0853005922757664,0.09056238027719352,watdiv-desc,1
F3,baseline,20,0.9328250885009766,13,2596,1.5974228198711689,0.07534027099609375,watdiv-desc,2
F3,baseline,20,1.0256071090698242,13,2596,1.7007130842942457,0.0798335442176232,watdiv-desc,3
F3,orderbyone,1,0.9048068523406982,10,212,16.10100269317627,0.08113384246826172,watdiv-desc,1
F3,orderbyone,1,1.032015323638916,11,219,17.723495310003106,0.10145794261585582,watdiv-desc,2
F3,orderbyone,1,1.0084507465362549,11,220,14.643777500499379,0.0947171991521662,watdiv-desc,3
F3,orderbyone,10,0.8322229385375977,9,231,15.83438449435764,0.07441308763292101,watdiv-desc,1
F3,orderbyone,10,0.9289679527282715,10,230,16.106057167053223,0.08740425109863281,watdiv-desc,2
F3,orderbyone,10,0.9290452003479004,10,230,14.027738571166992,0.08552074432373047,watdiv-desc,3
F3,orderbyone,20,0.9427320957183838,10,269,14.623284339904785,0.095367431640625,watdiv-desc,1
F3,orderbyone,20,0.9887051582336426,10,270,17.737460136413574,0.08747577667236328,watdiv-desc,2
F3,orderbyone,20,0.8928442001342773,10,271,13.979792594909668,0.08640289306640625,watdiv-desc,3
L1,orderby,1,2.7353107929229736,11,1,13.636957515369762,0.05906278436834162,watdiv-desc,1
L1,orderby,1,2.893717050552368,12,1,13.928731282552084,0.06133317947387695,watdiv-desc,2
L1,orderby,1,3.5201051235198975,15,1,14.978933334350586,0.08261998494466145,watdiv-desc,3
L1,orderby,10,2.9503519535064697,12,10,13.297438621520996,0.08682409922281902,watdiv-desc,1
L1,orderby,10,3.187288999557495,13,10,12.8782712496244,0.09307494530310997,watdiv-desc,2
L1,orderby,10,2.769941806793213,11,10,11.77779110995206,0.08099729364568536,watdiv-desc,3
L1,orderby,20,2.7627859115600586,11,20,11.243169957941229,0.1070282676003196,watdiv-desc,1
L1,orderby,20,3.2580649852752686,13,20,14.735863758967472,0.1257016108586238,watdiv-desc,2
L1,orderby,20,2.7486839294433594,11,20,13.445940884676846,0.10975924405184659,watdiv-desc,3
L1,baseline,1,3.7043631076812744,106,21045,0.5062233726933317,0.046313933606417675,watdiv-desc,1
L1,baseline,1,3.689223051071167,106,21045,0.5158253435818654,0.04754426344385687,watdiv-desc,2
L1,baseline,1,3.569888114929199,106,21045,0.5021072783560123,0.045286034638026974,watdiv-desc,3
L1,baseline,10,3.4705429077148438,106,21045,0.5083668906733675,0.0427331564561376,watdiv-desc,1
L1,baseline,10,3.5540990829467773,106,21045,0.49836455651049344,0.04355637532360149,watdiv-desc,2
L1,baseline,10,3.595067262649536,106,21045,0.5300809752266362,0.04282537496314859,watdiv-desc,3
L1,baseline,20,3.629595994949341,106,21045,0.5113448736802587,0.04524105000046064,watdiv-desc,1
L1,baseline,20,3.6201350688934326,106,21045,0.654962827574532,0.042753399543042456,watdiv-desc,2
L1,baseline,20,3.7444539070129395,106,21045,0.5238348583005509,0.04983623072786151,watdiv-desc,3
L1,orderbyone,1,3.1228129863739014,50,6523,10.990586280822754,0.0537872314453125,watdiv-desc,1
L1,orderbyone,1,3.1580989360809326,50,6523,11.768379211425781,0.0563812255859375,watdiv-desc,2
L1,orderbyone,1,3.1051220893859863,50,6523,11.459240913391113,0.05351066589355469,watdiv-desc,3
L1,orderbyone,10,3.1749980449676514,50,6523,11.684179306030273,0.05450725555419922,watdiv-desc,1
L1,orderbyone,10,4.0299599170684814,55,6523,14.727588133378463,0.06573850458318536,watdiv-desc,2
L1,orderbyone,10,4.104177951812744,55,6523,14.87516923384233,0.0692107460715554,watdiv-desc,3
L1,orderbyone,20,4.414954900741577,56,6530,15.94659686088562,0.07612790380205427,watdiv-desc,1
L1,orderbyone,20,3.159254789352417,50,6530,11.418557167053223,0.05198955535888672,watdiv-desc,2
L1,orderbyone,20,3.182750940322876,50,6530,11.535654067993164,0.05187511444091797,watdiv-desc,3
S7,orderby,1,2.8248887062072754,20,1,13.089573383331299,0.06083250045776367,watdiv-desc,1
S7,orderby,1,2.665750026702881,19,1,12.600522292287726,0.057797682912726155,watdiv-desc,2
S7,orderby,1,2.615974187850952,18,1,13.032926453484428,0.05537933773464627,watdiv-desc,3
S7,orderby,10,2.6638078689575195,19,10,12.492230063990542,0.08708552310341283,watdiv-desc,1
S7,orderby,10,2.6939399242401123,19,10,12.605039696944388,0.08408646834524054,watdiv-desc,2
S7,orderby,10,2.9497978687286377,21,10,13.061092013404483,0.0934600830078125,watdiv-desc,3
S7,orderby,20,2.791759967803955,20,20,12.820208072662354,0.11650323867797852,watdiv-desc,1
S7,orderby,20,2.650559186935425,19,20,11.536447625411185,0.11163008840460527,watdiv-desc,2
S7,orderby,20,2.8354380130767822,20,20,13.058149814605713,0.11631250381469727,watdiv-desc,3
S7,baseline,1,3.383141040802002,158,31490,0.9675101388858843,0.04316130770912653,watdiv-desc,1
S7,baseline,1,6.4897849559783936,159,31490,1.4076877689961367,0.0872057188981734,watdiv-desc,2
S7,baseline,1,3.8097410202026367,158,31490,1.0805703416655335,0.05487550663042672,watdiv-desc,3
S7,baseline,10,3.4387638568878174,158,31490,0.9891428524934793,0.04794929600969146,watdiv-desc,1
S7,baseline,10,3.4095020294189453,158,31490,0.9436607360839844,0.04999547065058841,watdiv-desc,2
S7,baseline,10,3.359259843826294,158,31490,0.956598716446116,0.0420642804495896,watdiv-desc,3
S7,baseline,20,3.4195919036865234,158,31490,0.9721321395680874,0.04509279999551894,watdiv-desc,1
S7,baseline,20,3.537050247192383,158,31490,1.0025984124292302,0.04854232450074787,watdiv-desc,2
S7,baseline,20,3.9869720935821533,158,31490,0.9793646727936177,0.05300135552128659,watdiv-desc,3
S7,orderbyone,1,3.1731231212615967,35,515,13.340302876063756,0.06825583321707589,watdiv-desc,1
S7,orderbyone,1,3.451460838317871,38,509,13.884117728785464,0.06901590447676809,watdiv-desc,2
S7,orderbyone,1,3.6234471797943115,39,510,14.93681394136869,0.07015619522485977,watdiv-desc,3
S7,orderbyone,10,2.8752570152282715,32,579,11.891543865203857,0.0561252236366272,watdiv-desc,1
S7,orderbyone,10,3.0044431686401367,34,581,12.63739782221177,0.05854578579173369,watdiv-desc,2
S7,orderbyone,10,2.8757293224334717,32,584,11.914409697055817,0.055693089962005615,watdiv-desc,3
S7,orderbyone,20,2.92077374458313,33,632,11.723048759229256,0.056136738170276985,watdiv-desc,1
S7,orderbyone,20,3.5598552227020264,38,625,14.657942872298392,0.06808732685289885,watdiv-desc,2
S7,orderbyone,20,2.9680559635162354,33,627,12.029257687655361,0.0567508466315992,watdiv-desc,3
F4,orderby,1,0.9626638889312744,7,1,14.029979705810547,0.10582378932407924,watdiv-desc,1
F4,orderby,1,0.9315891265869141,6,1,17.0745054880778,0.10013580322265625,watdiv-desc,2
F4,orderby,1,0.9360458850860596,6,1,17.681360244750977,0.1024007797241211,watdiv-desc,3
F4,orderby,10,0.9550893306732178,6,10,18.176833788553875,0.1436471939086914,watdiv-desc,1
F4,orderby,10,0.9160830974578857,6,10,18.217841784159344,0.13466676076253256,watdiv-desc,2
F4,orderby,10,0.9427897930145264,6,10,15.17025629679362,0.1465479532877604,watdiv-desc,3
F4,orderby,20,1.0692391395568848,8,20,14.018654823303223,0.20447373390197754,watdiv-desc,1
F4,orderby,20,0.9470200538635254,6,20,17.86657174428304,0.18576780954996744,watdiv-desc,2
F4,orderby,20,0.9642689228057861,6,20,14.527599016825357,0.18262863159179688,watdiv-desc,3
F4,baseline,1,1.1685099601745605,49,9760,1.5158215347601443,0.0989583073830118,watdiv-desc,1
F4,baseline,1,1.2394108772277832,49,9760,1.0576832051179847,0.11381324456662548,watdiv-desc,2
F4,baseline,1,1.1829922199249268,49,9760,1.1626457681461257,0.1037802015032087,watdiv-desc,3
F4,baseline,10,1.190938949584961,49,9760,1.0208645645453005,0.10060777469557158,watdiv-desc,1
F4,baseline,10,1.1772410869598389,49,9760,1.034605259798011,0.0992551141855668,watdiv-desc,2
F4,baseline,10,1.1842710971832275,49,9760,1.063269011828364,0.10420838180853396,watdiv-desc,3
F4,baseline,20,1.1407809257507324,49,9760,1.0358946663992745,0.10233995865802376,watdiv-desc,1
F4,baseline,20,1.1534252166748047,49,9760,1.0227427190663863,0.10241294393734056,watdiv-desc,2
F4,baseline,20,1.1625721454620361,49,9760,1.003790874870456,0.10276327327806123,watdiv-desc,3
F4,orderbyone,1,1.1459691524505615,13,396,12.998140775240385,0.11464265676645133,watdiv-desc,1
F4,orderbyone,1,1.0900371074676514,12,396,13.880570729573568,0.1061558723449707,watdiv-desc,2
F4,orderbyone,1,1.209319829940796,13,396,14.732745977548452,0.11904423053448017,watdiv-desc,3
F4,orderbyone,10,1.1497530937194824,13,396,14.567430202777569,0.11196503272423378,watdiv-desc,1
F4,orderbyone,10,1.4028637409210205,15,396,15.171162287394205,0.14322598775227866,watdiv-desc,2
F4,orderbyone,10,1.0896389484405518,12,396,14.369507630666098,0.10351339975992839,watdiv-desc,3
F4,orderbyone,20,1.0851857662200928,12,396,14.155824979146322,0.10373195012410481,watdiv-desc,1
F4,orderbyone,20,1.3347272872924805,14,396,16.264353479657853,0.12499945504324776,watdiv-desc,2
F4,orderbyone,20,1.0976178646087646,12,396,12.713253498077393,0.11090437571207683,watdiv-desc,3
L2,orderby,1,21.00289511680603,219,1,12.22040664115453,0.06322229289573077,watdiv-desc,1
L2,orderby,1,19.76253390312195,210,1,11.32438864026751,0.058033352806454615,watdiv-desc,2
L2,orderby,1,19.20200514793396,204,1,11.002503189386106,0.055379727307487935,watdiv-desc,3
L2,orderby,10,19.22283697128296,203,10,11.157739338616432,0.07699040943765875,watdiv-desc,1
L2,orderby,10,19.759867906570435,210,10,11.278556642078218,0.0788109643118722,watdiv-desc,2
L2,orderby,10,19.662256240844727,208,10,11.290855132616484,0.07790097823509803,watdiv-desc,3
L2,orderby,20,19.364020109176636,203,20,11.287368577102136,0.09917743100321351,watdiv-desc,1
L2,orderby,20,19.58367681503296,205,20,11.52502269279666,0.10016720469405012,watdiv-desc,2
L2,orderby,20,19.595327854156494,206,20,11.34643045443933,0.10064736153315572,watdiv-desc,3
L2,baseline,1,17.217655181884766,205,23305,0.35457494782238475,0.052621887951362425,watdiv-desc,1
L2,baseline,1,18.057740688323975,216,23305,0.35432643360561794,0.05521266548721879,watdiv-desc,2
L2,baseline,1,19.56657576560974,232,23305,0.38107201970856763,0.06287673424030173,watdiv-desc,3
L2,baseline,10,18.231574058532715,217,23305,0.36412889506959695,0.059604644775390625,watdiv-desc,1
L2,baseline,10,16.86212992668152,201,23305,0.34531194772293317,0.05080569442824938,watdiv-desc,2
L2,baseline,10,17.07042694091797,203,23305,0.34705641234449564,0.05047192127246575,watdiv-desc,3
L2,baseline,20,16.867855072021484,200,23305,0.4507625102996826,0.049729347229003906,watdiv-desc,1
L2,baseline,20,18.572436809539795,220,23305,0.3659833561290394,0.06683956493030895,watdiv-desc,2
L2,baseline,20,18.091334104537964,215,23305,0.36340425180834396,0.05882839823878089,watdiv-desc,3
L2,orderbyone,1,23.370651960372925,247,284,13.46450006430931,0.06831416234313718,watdiv-desc,1
L2,orderbyone,1,30.575428009033203,308,284,16.324062626083176,0.08318021699979708,watdiv-desc,2
L2,orderbyone,1,25.836307048797607,273,284,13.709522428966704,0.06910645481431003,watdiv-desc,3
L2,orderbyone,10,25.618804931640625,268,247,14.12853465151431,0.07074092751118674,watdiv-desc,1
L2,orderbyone,10,24.018558263778687,254,247,13.314270597743237,0.06762452012910618,watdiv-desc,2
L2,orderbyone,10,28.89930272102356,298,247,15.025653295068933,0.07559309069742293,watdiv-desc,3
L2,orderbyone,20,28.790192127227783,283,349,16.87518446689781,0.08415754608046461,watdiv-desc,1
L2,orderbyone,20,24.652657747268677,260,347,13.216743102440468,0.06790803028987004,watdiv-desc,2
L2,orderbyone,20,26.60889506340027,276,347,14.518778393234031,0.07365406423375226,watdiv-desc,3
C1,orderby,1,0.26131677627563477,3,1,19.35235659281413,0.09123484293619792,watdiv-desc,1
C1,orderby,1,0.2287130355834961,3,1,17.871618270874023,0.08336702982584636,watdiv-desc,2
C1,orderby,1,0.2488231658935547,3,1,24.284919102986652,0.08241335550944011,watdiv-desc,3
C1,orderby,10,0.21787190437316895,2,10,21.98159694671631,0.07092952728271484,watdiv-desc,1
C1,orderby,10,0.22989416122436523,3,10,16.97882016499837,0.0999768575032552,watdiv-desc,2
C1,orderby,10,0.2163841724395752,2,10,22.082209587097168,0.07176399230957031,watdiv-desc,3
C1,orderby,20,0.22856974601745605,2,20,30.79402446746826,0.07593631744384766,watdiv-desc,1
C1,orderby,20,0.27997612953186035,3,20,26.662031809488933,0.1270771026611328,watdiv-desc,2
C1,orderby,20,0.22411489486694336,2,20,19.799232482910156,0.07140636444091797,watdiv-desc,3
C1,baseline,1,0.19340276718139648,3,20,5.891323089599609,0.08257230122884114,watdiv-desc,1
C1,baseline,1,0.4096958637237549,5,20,4.410123825073242,0.11153221130371094,watdiv-desc,2
C1,baseline,1,0.21631789207458496,3,20,5.533933639526367,0.08575121561686198,watdiv-desc,3
C1,baseline,10,0.18047523498535156,2,20,7.052898406982422,0.061392784118652344,watdiv-desc,1
C1,baseline,10,0.2211310863494873,3,20,4.967689514160156,0.07915496826171875,watdiv-desc,2
C1,baseline,10,0.1890869140625,2,20,6.729483604431152,0.0654458999633789,watdiv-desc,3
C1,baseline,20,0.17798924446105957,2,20,7.181882858276367,0.062465667724609375,watdiv-desc,1
C1,baseline,20,0.2249438762664795,3,20,6.494601567586263,0.09473164876302083,watdiv-desc,2
C1,baseline,20,0.19826769828796387,2,20,6.699562072753906,0.061511993408203125,watdiv-desc,3
C1,orderbyone,1,0.24213814735412598,3,13,17.512400945027668,0.4802544911702474,watdiv-desc,1
C1,orderbyone,1,0.2861013412475586,3,13,28.095006942749023,0.14511744181315103,watdiv-desc,2
C1,orderbyone,1,0.23597478866577148,3,17,18.318573633829754,0.08511543273925781,watdiv-desc,3
C1,orderbyone,10,0.23545074462890625,3,20,18.52099100748698,0.08296966552734375,watdiv-desc,1
C1,orderbyone,10,0.2310938835144043,2,20,19.297003746032715,0.06508827209472656,watdiv-desc,2
C1,orderbyone,10,0.22486662864685059,2,20,19.915461540222168,0.06508827209472656,watdiv-desc,3
C1,orderbyone,20,0.2581627368927002,3,20,18.18092664082845,0.08614857991536458,watdiv-desc,1
C1,orderbyone,20,0.2308948040008545,3,20,17.72594451904297,0.0789960225423177,watdiv-desc,2
C1,orderbyone,20,0.27930593490600586,3,20,24.494171142578125,0.07891654968261719,watdiv-desc,3
S4,orderby,1,0.0985252857208252,1,1,41.429996490478516,0.007867813110351562,watdiv-desc,1
S4,orderby,1,0.07664203643798828,1,1,28.048038482666016,0.010013580322265625,watdiv-desc,2
S4,orderby,1,0.10528802871704102,1,1,37.46199607849121,0.016927719116210938,watdiv-desc,3
S4,orderby,10,0.08970308303833008,1,10,31.274080276489258,0.01621246337890625,watdiv-desc,1
S4,orderby,10,0.07788491249084473,1,10,27.966976165771484,0.015020370483398438,watdiv-desc,2
S4,orderby,10,0.08168601989746094,1,10,29.91175651550293,0.013113021850585938,watdiv-desc,3
S4,orderby,20,0.07904410362243652,1,12,27.579069137573242,0.013828277587890625,watdiv-desc,1
S4,orderby,20,0.11820697784423828,1,12,65.27996063232422,0.014781951904296875,watdiv-desc,2
S4,orderby,20,0.08326244354248047,1,12,30.010223388671875,0.010967254638671875,watdiv-desc,3
S4,baseline,1,0.063446044921875,1,12,12.765884399414062,0.013113021850585938,watdiv-desc,1
S4,baseline,1,0.06200695037841797,1,12,10.63394546508789,0.015735626220703125,watdiv-desc,2
S4,baseline,1,0.05956006050109863,1,12,10.04791259765625,0.008821487426757812,watdiv-desc,3
S4,baseline,10,0.06612610816955566,1,12,13.515710830688477,0.014066696166992188,watdiv-desc,1
S4,baseline,10,0.060749053955078125,1,12,10.055065155029297,0.013113021850585938,watdiv-desc,2
S4,baseline,10,0.06255102157592773,1,12,13.010740280151367,0.013828277587890625,watdiv-desc,3
S4,baseline,20,0.05822277069091797,1,12,10.054349899291992,0.008821487426757812,watdiv-desc,1
S4,baseline,20,0.07369589805603027,1,12,12.209892272949219,0.011205673217773438,watdiv-desc,2
S4,baseline,20,0.06412291526794434,1,12,11.22903823852539,0.014781951904296875,watdiv-desc,3
S4,orderbyone,1,0.08136892318725586,1,12,30.26890754699707,0.0152587890625,watdiv-desc,1
S4,orderbyone,1,0.07523822784423828,1,12,26.674747467041016,0.013828277587890625,watdiv-desc,2
S4,orderbyone,1,0.077880859375,1,12,28.2440185546875,0.014066696166992188,watdiv-desc,3
S4,orderbyone,10,0.07460188865661621,1,12,26.547908782958984,0.010013580322265625,watdiv-desc,1
S4,orderbyone,10,0.10781073570251465,1,12,50.23622512817383,0.015735626220703125,watdiv-desc,2
S4,orderbyone,10,0.07994318008422852,1,12,29.726028442382812,0.013113021850585938,watdiv-desc,3
S4,orderbyone,20,0.08198976516723633,1,12,30.25197982788086,0.014066696166992188,watdiv-desc,1
S4,orderbyone,20,0.07929325103759766,1,12,28.823137283325195,0.0152587890625,watdiv-desc,2
S4,orderbyone,20,0.10534787178039551,1,12,52.414894104003906,0.012874603271484375,watdiv-desc,3
L3,orderby,1,8.703927993774414,68,1,9.97073860729442,0.04964015063117532,watdiv-desc,1
L3,orderby,1,8.945356845855713,70,1,10.620066097804479,0.05230222429547991,watdiv-desc,2
L3,orderby,1,8.7653067111969,69,1,9.85071279000545,0.05067604175512341,watdiv-desc,3
L3,orderby,10,8.872425079345703,69,10,10.535236717998117,0.07260709569074106,watdiv-desc,1
L3,orderby,10,8.697058916091919,68,10,10.230267749113196,0.07200942319982193,watdiv-desc,2
L3,orderby,10,9.234293937683105,73,10,9.85980360475305,0.07431474450516375,watdiv-desc,3
L3,orderby,20,10.184757947921753,79,20,10.968452767480779,0.10346762741668315,watdiv-desc,1
L3,orderby,20,8.964555978775024,70,20,10.537658418927874,0.10006087166922432,watdiv-desc,2
L3,orderby,20,8.676884889602661,68,20,10.025964063756605,0.09205411462222829,watdiv-desc,3
L3,baseline,1,13.762976169586182,831,166165,2.4143389989896513,0.03310030261245158,watdiv-desc,1
L3,baseline,1,13.908913850784302,831,166165,2.397481571752959,0.03677470302467025,watdiv-desc,2
L3,baseline,1,13.705749988555908,831,166165,2.395217312515571,0.03420890596942924,watdiv-desc,3
L3,baseline,10,17.445470094680786,831,166165,2.9253282558473295,0.0489584375374584,watdiv-desc,1
L3,baseline,10,13.70327115058899,831,166165,2.3992882165094,0.03364341497134359,watdiv-desc,2
L3,baseline,10,13.829761028289795,831,166165,2.441029256001276,0.033839945328364734,watdiv-desc,3
L3,baseline,20,13.688649892807007,831,166165,2.3899213214787047,0.035076508596629155,watdiv-desc,1
L3,baseline,20,13.669635772705078,831,166165,2.3912560064726645,0.03493162125313182,watdiv-desc,2
L3,baseline,20,13.656122922897339,831,166165,2.3864939468145083,0.03508855863311804,watdiv-desc,3
L3,orderbyone,1,11.573448896408081,128,336,10.310700163245201,0.04523620009422302,watdiv-desc,1
L3,orderbyone,1,11.546151876449585,128,347,10.172497481107712,0.04562176764011383,watdiv-desc,2
L3,orderbyone,1,13.65369439125061,148,329,11.838505396971831,0.0566743515633248,watdiv-desc,3
L3,orderbyone,10,14.691583156585693,157,401,12.657745628599908,0.060102742189055036,watdiv-desc,1
L3,orderbyone,10,11.9458749294281,133,432,10.398810967466884,0.04848322473970571,watdiv-desc,2
L3,orderbyone,10,11.886841297149658,132,432,10.260359807447953,0.047801118908506454,watdiv-desc,3
L3,orderbyone,20,12.090321063995361,133,557,10.435855478272401,0.049542663688946484,watdiv-desc,1
L3,orderbyone,20,18.354422569274902,188,514,15.359974922017848,0.07182740150613988,watdiv-desc,2
L3,orderbyone,20,15.515652894973755,164,522,13.220169195314734,0.060721141536061354,watdiv-desc,3
F1,orderby,1,0.16002488136291504,1,1,35.13693809509277,0.01811981201171875,watdiv-desc,1
F1,orderby,1,0.1916978359222412,1,1,39.25490379333496,0.021219253540039062,watdiv-desc,2
F1,orderby,1,0.15648913383483887,1,1,34.12580490112305,0.0171661376953125,watdiv-desc,3
F1,orderby,10,0.14895892143249512,1,10,29.545068740844727,0.013113021850585938,watdiv-desc,1
F1,orderby,10,0.1587200164794922,1,10,32.89079666137695,0.019073486328125,watdiv-desc,2
F1,orderby,10,0.1512131690979004,1,10,30.36785125732422,0.015020370483398438,watdiv-desc,3
F1,orderby,20,0.14481687545776367,1,20,30.68375587463379,0.014066696166992188,watdiv-desc,1
F1,orderby,20,0.15607690811157227,1,20,32.41086006164551,0.017881393432617188,watdiv-desc,2
F1,orderby,20,0.14915895462036133,1,20,32.64212608337402,0.016689300537109375,watdiv-desc,3
F1,baseline,1,0.17069077491760254,4,634,4.335463047027588,0.0641942024230957,watdiv-desc,1
F1,baseline,1,0.13994598388671875,4,634,4.086017608642578,0.054836273193359375,watdiv-desc,2
F1,baseline,1,0.1413891315460205,4,634,3.8376450538635254,0.05346536636352539,watdiv-desc,3
F1,baseline,10,0.1448979377746582,4,634,3.559589385986328,0.05930662155151367,watdiv-desc,1
F1,baseline,10,0.15666604042053223,4,634,3.9997100830078125,0.05328655242919922,watdiv-desc,2
F1,baseline,10,0.16373991966247559,4,634,3.422677516937256,0.05131959915161133,watdiv-desc,3
F1,baseline,20,0.14361906051635742,4,634,3.47214937210083,0.05352497100830078,watdiv-desc,1
F1,baseline,20,0.1445779800415039,4,634,3.8288235664367676,0.05644559860229492,watdiv-desc,2
F1,baseline,20,0.14540910720825195,4,634,3.548920154571533,0.057816505432128906,watdiv-desc,3
F1,orderbyone,1,0.13434910774230957,2,202,20.44236660003662,0.0438690185546875,watdiv-desc,1
F1,orderbyone,1,0.1369001865386963,2,202,21.853089332580566,0.044345855712890625,watdiv-desc,2
F1,orderbyone,1,0.13657808303833008,2,202,20.04837989807129,0.040531158447265625,watdiv-desc,3
F1,orderbyone,10,0.14495587348937988,2,211,22.553443908691406,0.041484832763671875,watdiv-desc,1
F1,orderbyone,10,0.1366732120513916,2,211,20.649433135986328,0.04506111145019531,watdiv-desc,2
F1,orderbyone,10,0.1481480598449707,2,211,21.195292472839355,0.04756450653076172,watdiv-desc,3
F1,orderbyone,20,0.15479397773742676,2,254,21.747708320617676,0.05054473876953125,watdiv-desc,1
F1,orderbyone,20,0.15901470184326172,2,254,21.449685096740723,0.044465065002441406,watdiv-desc,2
F1,orderbyone,20,0.14547491073608398,2,254,21.484971046447754,0.043511390686035156,watdiv-desc,3
S5,orderby,1,0.08005809783935547,1,1,27.045011520385742,0.010013580322265625,watdiv-desc,1
S5,orderby,1,0.0975959300994873,1,1,31.009912490844727,0.015735626220703125,watdiv-desc,2
S5,orderby,1,0.09278297424316406,1,1,28.500080108642578,0.0152587890625,watdiv-desc,3
S5,orderby,10,0.11481213569641113,1,10,48.05898666381836,0.010013580322265625,watdiv-desc,1
S5,orderby,10,0.10855603218078613,1,10,31.69417381286621,0.017881393432617188,watdiv-desc,2
S5,orderby,10,0.08608794212341309,1,10,28.67579460144043,0.013113021850585938,watdiv-desc,3
S5,orderby,20,0.08512091636657715,1,20,28.713226318359375,0.008821487426757812,watdiv-desc,1
S5,orderby,20,0.10492396354675293,1,20,47.4090576171875,0.013113021850585938,watdiv-desc,2
S5,orderby,20,0.09069705009460449,1,20,29.860973358154297,0.011920928955078125,watdiv-desc,3
S5,baseline,1,0.06242823600769043,1,48,10.730981826782227,0.0152587890625,watdiv-desc,1
S5,baseline,1,0.09666585922241211,1,48,10.374784469604492,0.019788742065429688,watdiv-desc,2
S5,baseline,1,0.06551933288574219,1,48,10.043144226074219,0.013113021850585938,watdiv-desc,3
S5,baseline,10,0.07097196578979492,1,48,10.209083557128906,0.015020370483398438,watdiv-desc,1
S5,baseline,10,0.07974100112915039,1,48,8.454322814941406,0.014066696166992188,watdiv-desc,2
S5,baseline,10,0.08428311347961426,1,48,7.819175720214844,0.010967254638671875,watdiv-desc,3
S5,baseline,20,0.06664180755615234,1,48,11.693954467773438,0.007867813110351562,watdiv-desc,1
S5,baseline,20,0.07102298736572266,1,48,10.550975799560547,0.010013580322265625,watdiv-desc,2
S5,baseline,20,0.06450986862182617,1,48,8.016347885131836,0.013113021850585938,watdiv-desc,3
S5,orderbyone,1,0.07759785652160645,1,48,25.290966033935547,0.013113021850585938,watdiv-desc,1
S5,orderbyone,1,0.08589911460876465,1,48,29.25896644592285,0.015974044799804688,watdiv-desc,2
S5,orderbyone,1,0.07744789123535156,1,48,25.11906623840332,0.012874603271484375,watdiv-desc,3
S5,orderbyone,10,0.08454298973083496,1,48,27.985095977783203,0.015974044799804688,watdiv-desc,1
S5,orderbyone,10,0.07868504524230957,1,48,25.444984436035156,0.025033950805664062,watdiv-desc,2
S5,orderbyone,10,0.11230087280273438,1,48,55.31787872314453,0.009775161743164062,watdiv-desc,3
S5,orderbyone,20,0.07866191864013672,1,48,25.504112243652344,0.031948089599609375,watdiv-desc,1
S5,orderbyone,20,0.07929277420043945,1,48,26.24201774597168,0.010967254638671875,watdiv-desc,2
S5,orderbyone,20,0.08707404136657715,1,48,28.043031692504883,0.013828277587890625,watdiv-desc,3
F5,orderby,1,10.826178073883057,99,1,13.774522627242888,0.09624163309733073,watdiv-desc,1
F5,orderby,1,10.884922981262207,98,1,15.170965875898089,0.09629677753059232,watdiv-desc,2
F5,orderby,1,10.059918880462646,92,1,13.437600239463475,0.09219542793605638,watdiv-desc,3
F5,orderby,10,10.101521968841553,91,10,13.790602212423806,0.12638280679891398,watdiv-desc,1
F5,orderby,10,9.967509031295776,90,10,13.82705635494656,0.12420813242594402,watdiv-desc,2
F5,orderby,10,10.45185899734497,95,10,13.622522354125977,0.1273280695865029,watdiv-desc,3
F5,orderby,20,11.734137773513794,105,20,14.979680379231771,0.19813265119280135,watdiv-desc,1
F5,orderby,20,11.84251093864441,105,20,15.296561377389091,0.18566222417922246,watdiv-desc,2
F5,orderby,20,11.155248880386353,100,20,14.630916118621826,0.17578363418579102,watdiv-desc,3
F5,baseline,1,12.465972900390625,237,47258,2.9380271203407253,0.09767516252863759,watdiv-desc,1
F5,baseline,1,12.942224264144897,237,47258,3.119774508576856,0.09932397287103194,watdiv-desc,2
F5,baseline,1,11.96579384803772,237,47258,2.9173048236702064,0.0934359393542326,watdiv-desc,3
F5,baseline,10,10.731185913085938,237,47258,2.57442973334075,0.08268295964108238,watdiv-desc,1
F5,baseline,10,10.854116916656494,237,47258,2.580679921661248,0.08431165027216014,watdiv-desc,2
F5,baseline,10,11.0758798122406,237,47258,2.6788993223809996,0.08610532253603392,watdiv-desc,3
F5,baseline,20,10.84447431564331,237,47258,2.6106995369311625,0.08304410845921513,watdiv-desc,1
F5,baseline,20,10.409936904907227,237,47258,2.532428829981808,0.07753130755847014,watdiv-desc,2
F5,baseline,20,10.453908920288086,237,47258,2.539297699425291,0.07699411126631725,watdiv-desc,3
F5,orderbyone,1,10.94883108139038,117,222,13.45367309374687,0.08862650292551416,watdiv-desc,1
F5,orderbyone,1,10.933720111846924,116,222,13.598692828211291,0.08976253969915982,watdiv-desc,2
F5,orderbyone,1,13.824016094207764,139,222,17.263556555878345,0.11812182639142592,watdiv-desc,3
F5,orderbyone,10,12.18897294998169,125,282,15.701387405395508,0.1003265380859375,watdiv-desc,1
F5,orderbyone,10,14.899796962738037,147,282,18.51905446474244,0.12352353050595238,watdiv-desc,2
F5,orderbyone,10,12.44530200958252,127,282,15.67724182849794,0.11138653191994494,watdiv-desc,3
F5,orderbyone,20,14.753511905670166,147,338,17.83361564688131,0.11984345053328949,watdiv-desc,1
F5,orderbyone,20,12.72207498550415,129,333,16.34469882462376,0.10335168173146803,watdiv-desc,2
F5,orderbyone,20,12.796252012252808,130,329,16.03853152348445,0.10752677917480469,watdiv-desc,3
S1,orderby,1,2.6607699394226074,19,1,14.703976480584396,0.12212050588507402,watdiv-desc,1
S1,orderby,1,2.6539950370788574,19,1,14.152326081928454,0.12543326929995888,watdiv-desc,2
S1,orderby,1,2.87152099609375,20,1,15.564429759979248,0.1273512840270996,watdiv-desc,3
S1,orderby,10,2.881960868835449,20,10,15.062451362609863,0.17725229263305664,watdiv-desc,1
S1,orderby,10,2.644869327545166,18,10,14.457782109578451,0.159303347269694,watdiv-desc,2
S1,orderby,10,2.5223989486694336,17,10,14.236239825977998,0.1477213466868681,watdiv-desc,3
S1,orderby,20,2.545016050338745,17,20,13.458855011883903,0.1929928274715648,watdiv-desc,1
S1,orderby,20,2.9578981399536133,20,20,15.52797555923462,0.21897554397583008,watdiv-desc,2
S1,orderby,20,2.8148000240325928,19,20,15.971246518586812,0.21559313723915502,watdiv-desc,3
S1,baseline,1,2.7537310123443604,45,7697,2.0735740661621094,0.1110500759548611,watdiv-desc,1
S1,baseline,1,3.085510015487671,45,7697,2.2798273298475475,0.12562010023328993,watdiv-desc,2
S1,baseline,1,3.172201156616211,45,7697,2.2278096940782337,0.12627707587348092,watdiv-desc,3
S1,baseline,10,2.829946994781494,45,7697,1.9631756676567926,0.11219978332519531,watdiv-desc,1
S1,baseline,10,2.921037197113037,45,7697,2.152458826700846,0.11699994405110677,watdiv-desc,2
S1,baseline,10,2.740326166152954,45,7697,2.031951480441623,0.10746849907769097,watdiv-desc,3
S1,baseline,20,2.7749550342559814,45,7697,2.044041951497396,0.11102358500162761,watdiv-desc,1
S1,baseline,20,2.9895150661468506,45,7697,2.1788597106933594,0.11926756964789496,watdiv-desc,2
S1,baseline,20,3.10798716545105,45,7697,2.191003163655599,0.1251273685031467,watdiv-desc,3
S1,orderbyone,1,2.622856855392456,27,206,15.971704765602395,0.14321009318033853,watdiv-desc,1
S1,orderbyone,1,2.1982810497283936,24,210,14.630258083343506,0.11566281318664551,watdiv-desc,2
S1,orderbyone,1,2.1407060623168945,23,206,13.491599456123684,0.11154879694399626,watdiv-desc,3
S1,orderbyone,10,2.124328136444092,23,231,13.260737709377123,0.11229515075683594,watdiv-desc,1
S1,orderbyone,10,2.1106889247894287,23,231,13.54254846987517,0.10978657266368037,watdiv-desc,2
S1,orderbyone,10,2.3546669483184814,25,231,14.669504165649414,0.12171745300292969,watdiv-desc,3
S1,orderbyone,20,2.3775057792663574,25,283,14.261198043823242,0.11709213256835938,watdiv-desc,1
S1,orderbyone,20,2.752593755722046,28,277,16.921954495566233,0.14162063598632812,watdiv-desc,2
S1,orderbyone,20,2.4306910037994385,25,283,15.49417495727539,0.13579368591308594,watdiv-desc,3
